path,AvgCyclomatic correlation,AvgCyclomatic correlation pvalue,AvgCyclomaticModified correlation,AvgCyclomaticModified correlation pvalue,AvgCyclomaticStrict correlation,AvgCyclomaticStrict correlation pvalue,AvgEssential correlation,AvgEssential correlation pvalue,AvgLine correlation,AvgLine correlation pvalue,AvgLineBlank correlation,AvgLineBlank correlation pvalue,AvgLineCode correlation,AvgLineCode correlation pvalue,AvgLineComment correlation,AvgLineComment correlation pvalue,CountClassCoupled correlation,CountClassCoupled correlation pvalue,CountClassCoupledModified correlation,CountClassCoupledModified correlation pvalue,CountDeclClassMethod correlation,CountDeclClassMethod correlation pvalue,CountDeclClassVariable correlation,CountDeclClassVariable correlation pvalue,CountDeclInstanceMethod correlation,CountDeclInstanceMethod correlation pvalue,CountDeclInstanceVariable correlation,CountDeclInstanceVariable correlation pvalue,CountDeclMethod correlation,CountDeclMethod correlation pvalue,CountDeclMethodAll correlation,CountDeclMethodAll correlation pvalue,CountDeclMethodDefault correlation,CountDeclMethodDefault correlation pvalue,CountDeclMethodPrivate correlation,CountDeclMethodPrivate correlation pvalue,CountLine correlation,CountLine correlation pvalue,CountLineBlank correlation,CountLineBlank correlation pvalue,CountLineCode correlation,CountLineCode correlation pvalue,CountLineCodeDecl correlation,CountLineCodeDecl correlation pvalue,CountLineCodeExe correlation,CountLineCodeExe correlation pvalue,CountLineComment correlation,CountLineComment correlation pvalue,CountSemicolon correlation,CountSemicolon correlation pvalue,CountStmt correlation,CountStmt correlation pvalue,CountStmtDecl correlation,CountStmtDecl correlation pvalue,CountStmtExe correlation,CountStmtExe correlation pvalue,MaxCyclomatic correlation,MaxCyclomatic correlation pvalue,MaxCyclomaticModified correlation,MaxCyclomaticModified correlation pvalue,MaxCyclomaticStrict correlation,MaxCyclomaticStrict correlation pvalue,MaxEssential correlation,MaxEssential correlation pvalue,MaxNesting correlation,MaxNesting correlation pvalue,PercentLackOfCohesion correlation,PercentLackOfCohesion correlation pvalue,PercentLackOfCohesionModified correlation,PercentLackOfCohesionModified correlation pvalue,RatioCommentToCode correlation,RatioCommentToCode correlation pvalue,SumCyclomatic correlation,SumCyclomatic correlation pvalue,SumCyclomaticModified correlation,SumCyclomaticModified correlation pvalue,SumCyclomaticStrict correlation,SumCyclomaticStrict correlation pvalue,SumEssential correlation,SumEssential correlation pvalue,numberJavaFiles correlation,numberJavaFiles correlation pvalue,readability correlation,readability correlation pvalue,questions correlation,questions correlation pvalue,CountClassBase correlation,CountClassBase correlation pvalue,CountDeclClass correlation,CountDeclClass correlation pvalue,CountDeclMethodProtected correlation,CountDeclMethodProtected correlation pvalue,CountDeclMethodPublic correlation,CountDeclMethodPublic correlation pvalue,MaxInheritanceTree correlation,MaxInheritanceTree correlation pvalue,CountClassDerived correlation,CountClassDerived correlation pvalue
Azure-Samples/Azure-Spring-Cloud-Samples,0.3992329810775615,0.1765584679141579,0.3992329810775615,0.1765584679141579,0.3992329810775615,0.1765584679141579,0.4631178192189483,0.1109914795069625,0.4947939897358489,0.08561241912816339,-0.3463557928150943,0.2463312084456402,0.6927115856301886,0.008675023740863166,-0.41185292744257307,0.16201427981362074,0.3463557928150943,0.2463312084456402,-0.5442733887094339,0.0544774051772172,0.24739699486792446,0.41512423356401784,0.0494793989735849,0.8724706162807605,0.20592646372128653,0.4997027913845351,-0.3463557928150943,0.2463312084456402,0.4947939897358489,0.08561241912816339,0.4947939897358489,0.08561241912816339,-0.09980824526939037,0.7456240646241687,0.7240717059732042,0.005132269722587066,0.6432321866566036,0.017704539070170913,0.4947939897358489,0.08561241912816339,0.6432321866566036,0.017704539070170913,0.6927115856301886,0.008675023740863166,0.6927115856301886,0.008675023740863166,0.1979175958943396,0.5168814914628448,0.6927115856301886,0.008675023740863166,0.6432321866566036,0.017704539070170913,0.6927115856301886,0.008675023740863166,0.5937527876830188,0.03239762520329528,0.3958351917886792,0.1806117206650601,0.3958351917886792,0.1806117206650601,0.3958351917886792,0.1806117206650601,0.4631178192189483,0.1109914795069625,0.6927115856301886,0.008675023740863166,-0.3463557928150943,0.2463312084456402,-0.3463557928150943,0.2463312084456402,-0.5442733887094339,0.0544774051772172,0.6432321866566036,0.017704539070170913,0.6432321866566036,0.017704539070170913,0.6432321866566036,0.017704539070170913,0.4947939897358489,0.08561241912816339,0.6927115856301886,0.008675023740863166,-0.3958351917886792,0.1806117206650601,1.0,0.0,,,,,,,,,,,,
Azure-Samples/ms-identity-java-webapp,-0.8920540628023836,3.427494422222953e-06,-0.8920540628023836,3.427494422222953e-06,-0.8913780080915537,3.573973670018702e-06,,,-0.8913780080915537,3.573973670018702e-06,-0.042554069934639116,0.8756559465885665,-0.8913780080915537,3.573973670018702e-06,0.27804282476957415,0.297088833100179,-0.8540061667791177,2.5537492697085143e-05,-0.5974610698917635,0.01452614273045292,,,,,0.4786631710333467,0.06069872878448137,-0.15049239097649608,0.5779895053405517,0.460094674321081,0.07293691856591078,0.46044415760301177,0.07269125432574187,0.6090461875904957,0.01227468785591806,-0.819233322981781,0.00010333782845563186,-0.730957404380455,0.0012961616650538335,,,,,-0.6151996642116104,0.011195753161742358,,,-0.8283359154593564,7.384953955564099e-05,-0.8042735684102547,0.00017279871567032175,-0.7868058352769391,0.00029905066559049795,-0.6028345335002853,0.013444926458195698,-0.8374385079369316,5.17408467587852e-05,,,,,-0.7828229530714795,0.00033655015453093603,,,-0.8374385079369316,5.17408467587852e-05,-0.8764940521042368,8.428450249236593e-06,-0.877148885256546,8.135261749753366e-06,-0.7971135434139682,0.0002177207725815812,-0.5391762205244267,0.031140359172637137,-0.5391762205244267,0.031140359172637137,,,,,0.892731658086415,3.285798048890244e-06,0.31752240733502474,0.23076662334508918,1.0,0.0,0.015102839680998247,0.955729350969388,0.892731658086415,3.285798048890244e-06,0.9347494414286125,1.1351343806996236e-07,0.42336320978003295,0.10225825019301474,0.849778321061351,3.0820676903293596e-05,,
Azure-Samples/azure-cosmos-db-cassandra-java-getting-started,0.8376780679082778,3.49022440031211e-10,0.8376780679082778,3.49022440031211e-10,0.8376780679082778,3.49022440031211e-10,,,0.8376780679082778,3.49022440031211e-10,0.8376780679082778,3.49022440031211e-10,0.8376780679082778,3.49022440031211e-10,0.8376780679082778,3.49022440031211e-10,0.8376780679082778,3.49022440031211e-10,0.8376780679082778,3.49022440031211e-10,-0.8376780679082778,3.49022440031211e-10,,,0.8376780679082778,3.49022440031211e-10,0.8376780679082778,3.49022440031211e-10,0.8376780679082778,3.49022440031211e-10,0.8376780679082778,3.49022440031211e-10,,,0.8376780679082778,3.49022440031211e-10,0.8376780679082778,3.49022440031211e-10,0.8376780679082778,3.49022440031211e-10,0.8376780679082778,3.49022440031211e-10,0.8376780679082778,3.49022440031211e-10,0.8376780679082778,3.49022440031211e-10,0.8376780679082778,3.49022440031211e-10,0.8376780679082778,3.49022440031211e-10,0.8376780679082778,3.49022440031211e-10,0.8376780679082778,3.49022440031211e-10,0.8376780679082778,3.49022440031211e-10,0.8376780679082778,3.49022440031211e-10,0.8376780679082778,3.49022440031211e-10,0.8376780679082778,3.49022440031211e-10,,,0.8376780679082778,3.49022440031211e-10,0.8376780679082778,3.49022440031211e-10,0.8376780679082778,3.49022440031211e-10,0.8376780679082778,3.49022440031211e-10,0.8376780679082778,3.49022440031211e-10,0.8376780679082778,3.49022440031211e-10,0.8376780679082778,3.49022440031211e-10,0.8376780679082778,3.49022440031211e-10,,,-0.8376780679082778,3.49022440031211e-10,1.0,0.0,,,-0.8376780679082778,3.49022440031211e-10,,,,,,,,
Azure-Samples/cognitive-services-android-customvision-sample,-0.36828383476931076,0.032105893836497014,-0.36828383476931076,0.032105893836497014,-0.36828383476931076,0.032105893836497014,,,-0.44497983725282253,0.008365313910397186,-0.6711240017552086,1.3975695978281648e-05,-0.36828383476931076,0.032105893836497014,-0.8384714490621686,6.03304249291427e-10,-0.8885294460211042,2.3254011362886017e-12,0.48616727644881164,0.0035548040000063503,-0.9060129034702797,1.7266187657636e-13,-0.8910323458690508,1.64727497541183e-12,0.8811604723947531,6.1305330734081255e-12,0.12292155080491109,0.4885771605758322,-0.13120855512106608,0.45950597640947644,-0.13159963961020826,0.4581572431141001,,,0.48616727644881164,0.0035548040000063503,-0.8885294460211042,2.3254011362886017e-12,-0.8885294460211042,2.3254011362886017e-12,-0.41387236771405556,0.014964820227584963,-0.8885294460211042,2.3254011362886017e-12,-0.3638143707551201,0.03441928362754416,-0.8885294460211042,2.3254011362886017e-12,-0.8384714490621686,6.03304249291427e-10,-0.8360340269022071,7.525800040424843e-10,-0.8885294460211042,2.3254011362886017e-12,-0.3627567686025568,0.03498607109394388,-0.8885294460211042,2.3254011362886017e-12,-0.8885294460211042,2.3254011362886017e-12,-0.8885294460211042,2.3254011362886017e-12,-0.1312234634566379,0.45945452324147995,0.894277679925278,1.0402078832153648e-12,-0.9060129034702797,1.7266187657636e-13,-0.8885294460211042,2.3254011362886017e-12,-0.8885294460211042,2.3254011362886017e-12,-0.0725840955904564,0.6833159431056065,-0.0725840955904564,0.6833159431056065,-0.0725840955904564,0.6833159431056065,-0.0725840955904564,0.6833159431056065,0.48616727644881164,0.0035548040000063503,0.48616727644881164,0.0035548040000063503,1.0,0.0,0.48616727644881164,0.0035548040000063503,0.48616727644881164,0.0035548040000063503,0.48616727644881164,0.0035548040000063503,-0.13159963961020826,0.4581572431141001,0.48616727644881164,0.0035548040000063503,,
Azure-Samples/ms-identity-java-desktop,0.5543618612158774,0.07677050851905604,0.5543618612158774,0.07677050851905604,0.5543618612158774,0.07677050851905604,,,0.5878048780487806,0.05719882390259448,-0.9146341463414634,8.021333386032286e-05,0.5878048780487806,0.05719882390259448,0.9146341463414634,8.021333386032286e-05,-0.7850208078208224,0.004206103580693742,-0.03343480490240355,0.922258209256027,0.5762049940099021,0.06354982793891287,0.7000000000000001,0.01647097883651441,-0.03343480490240355,0.922258209256027,-0.03343480490240355,0.922258209256027,0.8667292034973334,0.0005542716249992703,0.8667292034973334,0.0005542716249992703,,,0.5762049940099021,0.06354982793891287,0.5878048780487806,0.05719882390259448,-0.4853658536585367,0.13018264634852733,0.5878048780487806,0.05719882390259448,0.5390243902439025,0.08707701521849161,0.5878048780487806,0.05719882390259448,0.9146341463414634,8.021333386032286e-05,0.5878048780487806,0.05719882390259448,0.5878048780487806,0.05719882390259448,-0.3088877944922867,0.35536128020596713,0.5878048780487806,0.05719882390259448,0.8667292034973334,0.0005542716249992703,0.8667292034973334,0.0005542716249992703,0.8667292034973334,0.0005542716249992703,0.9603416566831701,2.7231700277208164e-06,0.03343480490240355,0.922258209256027,0.9603416566831701,2.7231700277208164e-06,0.9603416566831701,2.7231700277208164e-06,0.9146341463414634,8.021333386032286e-05,0.5878048780487806,0.05719882390259448,0.5878048780487806,0.05719882390259448,0.5878048780487806,0.05719882390259448,0.9603416566831701,2.7231700277208164e-06,0.3088877944922867,0.35536128020596713,,,1.0,0.0,-0.03343480490240355,0.922258209256027,0.3088877944922867,0.35536128020596713,,,-0.03343480490240355,0.922258209256027,,,,
Azure-Samples/Hybrid-resources-java-manage-resource-group,-0.8997354108424374,2.2169779659807205e-09,-0.8997354108424374,2.2169779659807205e-09,-0.8997354108424374,2.2169779659807205e-09,,,-0.8997354108424374,2.2169779659807205e-09,-0.8997354108424374,2.2169779659807205e-09,-0.8997354108424374,2.2169779659807205e-09,-0.8997354108424374,2.2169779659807205e-09,-0.8997354108424374,2.2169779659807205e-09,0.8997354108424374,2.2169779659807205e-09,-0.8997354108424374,2.2169779659807205e-09,-0.8997354108424374,2.2169779659807205e-09,0.8997354108424374,2.2169779659807205e-09,0.8997354108424374,2.2169779659807205e-09,-0.8997354108424374,2.2169779659807205e-09,-0.8997354108424374,2.2169779659807205e-09,,,-0.8997354108424374,2.2169779659807205e-09,-0.8997354108424374,2.2169779659807205e-09,-0.8997354108424374,2.2169779659807205e-09,-0.8997354108424374,2.2169779659807205e-09,-0.8997354108424374,2.2169779659807205e-09,-0.8997354108424374,2.2169779659807205e-09,-0.8997354108424374,2.2169779659807205e-09,-0.8997354108424374,2.2169779659807205e-09,-0.8997354108424374,2.2169779659807205e-09,-0.8997354108424374,2.2169779659807205e-09,-0.8997354108424374,2.2169779659807205e-09,-0.8997354108424374,2.2169779659807205e-09,-0.8997354108424374,2.2169779659807205e-09,-0.8997354108424374,2.2169779659807205e-09,-0.8997354108424374,2.2169779659807205e-09,-0.8997354108424374,2.2169779659807205e-09,-0.8997354108424374,2.2169779659807205e-09,-0.8997354108424374,2.2169779659807205e-09,0.8997354108424374,2.2169779659807205e-09,-0.8997354108424374,2.2169779659807205e-09,-0.8997354108424374,2.2169779659807205e-09,-0.8997354108424374,2.2169779659807205e-09,-0.8997354108424374,2.2169779659807205e-09,0.8997354108424374,2.2169779659807205e-09,0.8997354108424374,2.2169779659807205e-09,0.9999999999999998,2.2282693381707162e-170,0.8997354108424374,2.2169779659807205e-09,0.8997354108424374,2.2169779659807205e-09,,,-0.8997354108424374,2.2169779659807205e-09,,,,
Azure-Samples/ms-identity-android-java,0.21035158095583562,0.4517555472025008,0.21035158095583562,0.4517555472025008,0.0,1.0,,,0.5063619644329441,0.054094435890643326,0.2930492494367113,0.2891407032868188,0.6286185570937122,0.012071164141513635,0.6246017839672185,0.01280133366505965,0.05860984988734226,0.8356356120896165,0.2930492494367113,0.2891407032868188,0.3516054232038715,0.19874503406820912,-0.26940795304016235,0.3315447907128397,0.11720180773462385,0.6774247251816204,0.6246017839672185,0.01280133366505965,0.11720180773462385,0.6774247251816204,-0.09768308314557043,0.7290921189565376,,,0.11720180773462385,0.6774247251816204,0.6246017839672185,0.01280133366505965,0.6246017839672185,0.01280133366505965,0.5610168307573878,0.02956955251522614,0.6246017839672185,0.01280133366505965,0.6246017839672185,0.01280133366505965,0.6246017839672185,0.01280133366505965,0.6272087408492496,0.012323655695057516,0.6246017839672185,0.01280133366505965,0.6246017839672185,0.01280133366505965,0.6246017839672185,0.01280133366505965,0.26768647884309366,0.3347634837605118,0.26768647884309366,0.3347634837605118,0.2881769890388444,0.297603881148916,0.3516054232038715,0.19874503406820912,0.21035158095583562,0.4517555472025008,0.20356413280434144,0.4668113859316825,0.39101173052787647,0.14954775344381446,0.6246017839672185,0.01280133366505965,0.6286185570937122,0.012071164141513635,0.6246017839672185,0.01280133366505965,0.6226220585942176,0.013173578417979304,0.3516054232038715,0.19874503406820912,0.3516054232038715,0.19874503406820912,-0.3516054232038715,0.19874503406820912,1.0,0.0,-0.3516054232038715,0.19874503406820912,0.3516054232038715,0.19874503406820912,-0.09768308314557043,0.7290921189565376,-0.21035158095583562,0.4517555472025008,0.0,1.0,,
Azure-Samples/active-directory-android,0.5640693468921527,0.0005119790834310885,0.5640693468921527,0.0005119790834310885,0.5640693468921527,0.0005119790834310885,0.5640693468921527,0.0005119790834310885,0.5934959160593941,0.00021584833279609592,0.43071636096790017,0.010993272729938875,0.5934959160593941,0.00021584833279609592,0.5934959160593941,0.00021584833279609592,0.5934959160593941,0.00021584833279609592,,,,,0.5934959160593941,0.00021584833279609592,0.5934959160593941,0.00021584833279609592,0.5934959160593941,0.00021584833279609592,0.5934959160593941,0.00021584833279609592,0.5934959160593941,0.00021584833279609592,,,0.5934959160593941,0.00021584833279609592,0.5934959160593941,0.00021584833279609592,0.5934959160593941,0.00021584833279609592,0.5934959160593941,0.00021584833279609592,0.5934959160593941,0.00021584833279609592,0.5934959160593941,0.00021584833279609592,0.5934959160593941,0.00021584833279609592,0.5934959160593941,0.00021584833279609592,0.5934959160593941,0.00021584833279609592,0.5934959160593941,0.00021584833279609592,0.5934959160593941,0.00021584833279609592,0.5934959160593941,0.00021584833279609592,0.5934959160593941,0.00021584833279609592,0.5934959160593941,0.00021584833279609592,0.43071636096790017,0.010993272729938875,0.5934959160593941,0.00021584833279609592,0.43071636096790017,0.010993272729938875,0.43071636096790017,0.010993272729938875,0.43071636096790017,0.010993272729938875,0.5934959160593941,0.00021584833279609592,0.5934959160593941,0.00021584833279609592,0.5934959160593941,0.00021584833279609592,0.43071636096790017,0.010993272729938875,0.5640693468921527,0.0005119790834310885,0.43071636096790017,0.010993272729938875,1.0,0.0,0.5640693468921527,0.0005119790834310885,0.5934959160593941,0.00021584833279609592,0.5640693468921527,0.0005119790834310885,0.5640693468921527,0.0005119790834310885,0.5640693468921527,0.0005119790834310885,,
Azure-Samples/azure-iot-samples-java,-0.7080087557624197,1.2051857466129095e-05,-0.7080087557624197,1.2051857466129095e-05,-0.485726470332143,0.006506533696625185,0.3509312031717982,0.057245829499339845,-0.7080087557624197,1.2051857466129095e-05,-0.7080087557624197,1.2051857466129095e-05,-0.7080087557624197,1.2051857466129095e-05,-0.7099887421659119,1.1108521167594321e-05,-0.7080087557624197,1.2051857466129095e-05,0.7155205525050433,8.814849248921982e-06,-0.7080087557624197,1.2051857466129095e-05,-0.7155205525050433,8.814849248921982e-06,0.7080087557624197,1.2051857466129095e-05,0.7155205525050433,8.814849248921982e-06,0.7080087557624197,1.2051857466129095e-05,0.7080087557624197,1.2051857466129095e-05,,,0.7080087557624197,1.2051857466129095e-05,0.6490080261155514,0.00010456801336055357,-0.7080087557624197,1.2051857466129095e-05,0.7080087557624197,1.2051857466129095e-05,0.0,1.0,0.6490080261155514,0.00010456801336055357,-0.7080087557624197,1.2051857466129095e-05,0.7080087557624197,1.2051857466129095e-05,0.6490080261155514,0.00010456801336055357,0.0,1.0,0.7080087557624197,1.2051857466129095e-05,0.0,1.0,0.0,1.0,0.059069311245804564,0.756515922453129,0.39823398695998313,0.02928754574698121,-0.7088317349496548,1.1651338642402591e-05,0.7080087557624197,1.2051857466129095e-05,0.7080087557624197,1.2051857466129095e-05,-0.7080087557624197,1.2051857466129095e-05,0.6490080261155514,0.00010456801336055357,0.6490080261155514,0.00010456801336055357,0.7080087557624197,1.2051857466129095e-05,0.7080087557624197,1.2051857466129095e-05,0.7155205525050433,8.814849248921982e-06,0.6801678211481142,3.5497729454638365e-05,0.9999999999999999,1.0583940658398214e-220,0.7155205525050433,8.814849248921982e-06,0.7080087557624197,1.2051857466129095e-05,0.7155205525050433,8.814849248921982e-06,0.7080087557624197,1.2051857466129095e-05,0.7155205525050433,8.814849248921982e-06,,
Azure-Samples/active-directory-java-webapp-openidconnect,-0.6991882761092785,5.176517944976409e-10,-0.6991882761092785,5.176517944976409e-10,-0.6967731107712511,6.284154623316793e-10,-0.6991882761092785,5.176517944976409e-10,-0.09820530858998618,0.45536527097996893,0.7463793588964003,7.641613175097908e-12,-0.6991882761092785,5.176517944976409e-10,-0.6991882761092785,5.176517944976409e-10,0.9513461017037674,2.428656114226647e-31,0.6991882761092785,5.176517944976409e-10,-0.6991882761092785,5.176517944976409e-10,0.6991882761092785,5.176517944976409e-10,0.6991882761092785,5.176517944976409e-10,-0.6991882761092785,5.176517944976409e-10,0.6991882761092785,5.176517944976409e-10,0.6991882761092785,5.176517944976409e-10,-0.6991882761092785,5.176517944976409e-10,0.6991882761092785,5.176517944976409e-10,-0.09820530858998618,0.45536527097996893,0.9513461017037674,2.428656114226647e-31,-0.09820530858998618,0.45536527097996893,0.9513461017037674,2.428656114226647e-31,-0.6991882761092785,5.176517944976409e-10,-0.1251502208035071,0.3407067216278439,-0.09820530858998618,0.45536527097996893,0.9494907199247122,7.007361047943701e-31,0.9513461017037674,2.428656114226647e-31,-0.6991882761092785,5.176517944976409e-10,-0.6991882761092785,5.176517944976409e-10,-0.6991882761092785,5.176517944976409e-10,-0.6991882761092785,5.176517944976409e-10,0.6967731107712511,6.284154623316793e-10,-0.6991882761092785,5.176517944976409e-10,0.6991882761092785,5.176517944976409e-10,0.6991882761092785,5.176517944976409e-10,0.7370626887687928,1.8850406467366917e-11,0.6991882761092785,5.176517944976409e-10,0.6991882761092785,5.176517944976409e-10,-0.6991882761092785,5.176517944976409e-10,0.6991882761092785,5.176517944976409e-10,,,-0.1126012877163461,0.39167322202418564,1.0,0.0,-0.6991882761092785,5.176517944976409e-10,0.6991882761092785,5.176517944976409e-10,,,-0.6991882761092785,5.176517944976409e-10,-0.6991882761092785,5.176517944976409e-10,,
Azure-Samples/media-services-v3-java,0.2360643446023195,0.3787526942965753,-0.2360643446023195,0.3787526942965753,0.2360643446023195,0.3787526942965753,,,-0.2360643446023195,0.3787526942965753,-0.472128689204639,0.06481904880416538,-0.2360643446023195,0.3787526942965753,-0.7081930338069586,0.0021398909650884824,-0.472128689204639,0.06481904880416538,0.472128689204639,0.06481904880416538,-0.472128689204639,0.06481904880416538,-0.472128689204639,0.06481904880416538,0.7081930338069586,0.0021398909650884824,0.472128689204639,0.06481904880416538,-0.2360643446023195,0.3787526942965753,-0.2360643446023195,0.3787526942965753,,,-0.472128689204639,0.06481904880416538,0.0,1.0,-0.2360643446023195,0.3787526942965753,0.0,1.0,-0.472128689204639,0.06481904880416538,0.0,1.0,-0.472128689204639,0.06481904880416538,-0.2360643446023195,0.3787526942965753,-0.2360643446023195,0.3787526942965753,-0.472128689204639,0.06481904880416538,0.0,1.0,0.2360643446023195,0.3787526942965753,0.0,1.0,0.2360643446023195,0.3787526942965753,0.2360643446023195,0.3787526942965753,-0.2360643446023195,0.3787526942965753,-0.472128689204639,0.06481904880416538,-0.472128689204639,0.06481904880416538,-0.472128689204639,0.06481904880416538,0.2360643446023195,0.3787526942965753,0.0,1.0,0.2360643446023195,0.3787526942965753,0.2360643446023195,0.3787526942965753,0.7081930338069586,0.0021398909650884824,0.2360643446023195,0.3787526942965753,1.0,0.0,0.7081930338069586,0.0021398909650884824,0.7081930338069586,0.0021398909650884824,,,0.7081930338069586,0.0021398909650884824,,,,
Azure-Samples/compute-java-manage-vm,-0.6631199229378387,8.483699913449925e-08,-0.6631199229378387,8.483699913449925e-08,-0.40341340012296717,0.0030220244563669515,,,-0.5772985242040738,7.450486486383991e-06,-0.6783748353853004,3.276968249253469e-08,-0.5626770807474538,1.4135209790209262e-05,-0.6633060096323782,8.3885850604843e-08,0.6773001820919331,3.5105235823774906e-08,-0.13043478260869565,0.35670605385765697,0.587352887333441,4.710097935545764e-06,0.5417363388859614,3.360359198090358e-05,0.13021720984236465,0.35751571475581,0.13021720984236465,0.35751571475581,0.587465866971386,4.685479900687368e-06,0.587465866971386,4.685479900687368e-06,,,0.6495779338310869,1.8878347365348814e-07,0.5572627779641709,1.7781945038979467e-05,0.538979481381247,3.750148576980261e-05,0.5634411550754012,1.3680265202664145e-05,0.587352887333441,4.710097935545764e-06,0.5634785487167584,1.3658351602728502e-05,0.5572989548538121,1.775493216812595e-05,0.5634785487167584,1.3658351602728502e-05,0.5634785487167584,1.3658351602728502e-05,0.5634785487167584,1.3658351602728502e-05,0.5634785487167584,1.3658351602728502e-05,0.23650884797708308,0.09139716125783617,0.23650884797708308,0.09139716125783617,0.3494353247143268,0.011111873144466062,0.42283951616778676,0.0017906520246200794,0.2520227759832005,0.07148238745639689,0.6216518000989207,8.720931135691e-07,0.6093753795238069,1.6317275510066637e-06,0.05161799930696259,0.7162935934456622,0.5634785487167584,1.3658351602728502e-05,0.5634785487167584,1.3658351602728502e-05,0.5634785487167584,1.3658351602728502e-05,0.587465866971386,4.685479900687368e-06,0.13043478260869565,0.35670605385765697,,,1.0,0.0,,,0.13021720984236465,0.35751571475581,,,0.587352887333441,4.710097935545764e-06,,,,
Azure-Samples/network-java-manage-network-security-group,-0.007138457756973552,0.9599427518188233,-0.007138457756973552,0.9599427518188233,0.6034973565986507,2.1822694253839e-06,,,-0.18009596472899783,0.20139168915059608,-0.411539017874042,0.0024369712169730663,-0.18886130553905345,0.17995453167758196,-0.25779953964600566,0.0650152602782756,0.6768595297871896,3.610739041014848e-08,0.5592410942012973,1.6359146949584168e-05,0.4846353857219124,0.0002717994636231676,0.35625173969947577,0.009537056854608329,0.2866831924446876,0.039349002362410894,0.23019449438980139,0.10064495003484429,0.5443760102662277,3.0224271783738883e-05,0.5443760102662277,3.0224271783738883e-05,,,0.6782163709400242,3.310464638524385e-08,0.5318815829402944,4.9529545302510225e-05,0.4846353857219124,0.0002717994636231676,0.5318815829402944,4.9529545302510225e-05,0.4846353857219124,0.0002717994636231676,0.4846353857219124,0.0002717994636231676,0.6264798888600331,6.765968975137565e-07,0.5555576372909727,1.9099050297242443e-05,0.5555576372909727,1.9099050297242443e-05,0.5319168867679526,4.946182096545e-05,0.6264798888600331,6.765968975137565e-07,0.29205637620682745,0.03565003161604619,0.29205637620682745,0.03565003161604619,0.7949963967481836,1.953469627042632e-12,0.820791210077063,9.38812096988213e-14,0.8690421151173833,6.719606436713716e-17,0.6795814047673248,3.0321701299228437e-08,0.6930983664389424,1.2385144965510239e-08,-0.030379515985346685,0.8307079254437802,0.6264798888600331,6.765968975137565e-07,0.6264798888600331,6.765968975137565e-07,0.6264798888600331,6.765968975137565e-07,0.650235745729455,1.8175582773456096e-07,0.2021602206463559,0.15064751425657663,,,1.0,0.0,,,0.2866831924446876,0.039349002362410894,,,0.5319168867679526,4.946182096545e-05,,,,
Azure-Samples/aks-java-manage-kubernetes-cluster,,,,,0.4782049651999739,0.0036655380523367667,,,0.4782049651999739,0.0036655380523367667,,,0.4782049651999739,0.0036655380523367667,,,,,,,0.4778880282612369,0.0036913808479842785,,,,,,,0.4778880282612369,0.0036913808479842785,0.4778880282612369,0.0036913808479842785,,,,,0.7399064412310764,3.7913187605585823e-07,0.7400818091437654,3.7547939078943045e-07,0.7399064412310764,3.7913187605585823e-07,0.4778880282612369,0.0036913808479842785,0.7400818091437654,3.7547939078943045e-07,0.7400818091437654,3.7547939078943045e-07,0.7400818091437654,3.7547939078943045e-07,0.7400818091437654,3.7547939078943045e-07,0.7400818091437654,3.7547939078943045e-07,0.7400818091437654,3.7547939078943045e-07,0.27612738783186724,0.10834914687079193,0.27612738783186724,0.10834914687079193,0.4782049651999739,0.0036655380523367667,0.38202126808184667,0.023534006577786922,0.47963902562596805,0.003550555896592114,,,,,-0.4782049651999739,0.0036655380523367667,0.7400818091437654,3.7547939078943045e-07,0.7400818091437654,3.7547939078943045e-07,0.7400818091437654,3.7547939078943045e-07,0.4778880282612369,0.0036913808479842785,,,,,1.0,0.0,,,,,,,0.4778880282612369,0.0036913808479842785,,,,
Azure-Samples/aad-java-manage-users-groups-and-roles,,,,,0.4749168968139502,0.0025879977459885837,,,-0.14774700035835045,0.3760372207682102,,,0.22886885410853175,0.1669292735429099,,,0.726483157256779,2.423660221893271e-07,,,0.6214694951769465,3.1252533154278015e-05,0.726483157256779,2.423660221893271e-07,,,,,0.6214694951769465,3.1252533154278015e-05,0.6214694951769465,3.1252533154278015e-05,,,0.726483157256779,2.423660221893271e-07,0.5423587000675478,0.00043560200798342387,0.5502057789875744,0.0003452928623972802,0.5423587000675478,0.00043560200798342387,0.6214694951769465,3.1252533154278015e-05,0.5502057789875744,0.0003452928623972802,0.5502057789875744,0.0003452928623972802,0.5502057789875744,0.0003452928623972802,0.5502057789875744,0.0003452928623972802,0.5502057789875744,0.0003452928623972802,0.5502057789875744,0.0003452928623972802,0.8689564108596776,1.514987767971988e-12,0.8689564108596776,1.514987767971988e-12,0.5970402105424993,7.593769588244543e-05,0.628286772165069,2.406657292075442e-05,0.4749168968139502,0.0025879977459885837,0.726483157256779,2.423660221893271e-07,0.8700614961064574,1.3131444729565795e-12,-0.4114803099864217,0.010269475144830141,0.5502057789875744,0.0003452928623972802,0.5502057789875744,0.0003452928623972802,0.5502057789875744,0.0003452928623972802,0.6214694951769465,3.1252533154278015e-05,,,,,1.0,0.0,,,,,,,0.6214694951769465,3.1252533154278015e-05,,,,
Azure-Samples/monitor-java-query-metrics-activitylogs,,,,,0.6,0.00028361289878616163,,,0.5955500003825581,0.0003231712157380441,,,0.5949223346535771,0.00032912767767712527,,,,,,,0.5949223346535771,0.00032912767767712527,,,,,,,0.5949223346535771,0.00032912767767712527,0.5949223346535771,0.00032912767767712527,,,,,0.6985354731356995,8.748804762548325e-06,0.6985354731356995,8.748804762548325e-06,0.6985354731356995,8.748804762548325e-06,0.5949223346535771,0.00032912767767712527,0.6985354731356995,8.748804762548325e-06,0.6985354731356995,8.748804762548325e-06,0.6985354731356995,8.748804762548325e-06,0.6985354731356995,8.748804762548325e-06,0.6985354731356995,8.748804762548325e-06,0.6985354731356995,8.748804762548325e-06,,,,,0.6,0.00028361289878616163,0.427855750763021,0.014574644352606756,0.6,0.00028361289878616163,,,,,-0.5955500003825581,0.0003231712157380441,0.6985354731356995,8.748804762548325e-06,0.6985354731356995,8.748804762548325e-06,0.6985354731356995,8.748804762548325e-06,0.5949223346535771,0.00032912767767712527,,,,,0.9999999999999998,7.44413601674818e-232,,,,,,,0.5949223346535771,0.00032912767767712527,,,,
Azure-Samples/batch-java-manage-batch-accounts,0.03693144441967545,0.8010934354738934,0.03693144441967545,0.8010934354738934,0.4097764951067264,0.003455864210596399,-0.25687040446902815,0.0747975834778995,0.22218725292699829,0.12492864446259629,0.03690491638243001,0.8012334125327205,0.2765644721229876,0.054394633867948725,0.03693144441967545,0.8010934354738934,0.4511299892388024,0.0011407721772571378,0.2846405717106505,0.047449855853175835,0.6948578573197765,3.041421149346012e-08,0.45790546988962544,0.0009385439726800725,-0.2841017343666598,0.047889550392062864,-0.2841017343666598,0.047889550392062864,0.6948578573197765,3.041421149346012e-08,0.6948578573197765,3.041421149346012e-08,,,0.45141668191241385,0.0011314832548848448,0.7569945187717878,3.105926294488829e-10,0.7570550081656892,3.090077129823283e-10,0.7569945187717878,3.105926294488829e-10,0.6948578573197765,3.041421149346012e-08,0.7570550081656892,3.090077129823283e-10,0.7570550081656892,3.090077129823283e-10,0.7570550081656892,3.090077129823283e-10,0.7570550081656892,3.090077129823283e-10,0.7570550081656892,3.090077129823283e-10,0.7570550081656892,3.090077129823283e-10,0.47371625229393893,0.0005858843651541502,0.47371625229393893,0.0005858843651541502,0.6983852342968535,2.4187949012724286e-08,0.6307076906595361,1.1891778895657013e-06,0.7151850600860953,7.755202302819823e-09,0.45208776278780477,0.0011100039804575043,0.4743274500351683,0.0005750456734628668,-0.4072096372165736,0.0036855887461003474,0.7570550081656892,3.090077129823283e-10,0.7570550081656892,3.090077129823283e-10,0.7570550081656892,3.090077129823283e-10,0.6948578573197765,3.041421149346012e-08,-0.2846405717106505,0.047449855853175835,,,1.0,0.0,,,-0.2841017343666598,0.047889550392062864,,,0.6948578573197765,3.041421149346012e-08,,,,
Azure-Samples/dns-java-host-and-manage-your-domains,0.0883483438681982,0.5593140359439548,0.0883483438681982,0.5593140359439548,0.2743466748193776,0.06502581314818054,,,0.17917025966507594,0.2334890071676928,0.08839835708696084,0.559090793391686,0.20613246192116483,0.1693190878175721,0.08839835708696084,0.559090793391686,0.14745428197686192,0.3281139369260686,0.15,0.3197384916808745,0.33449630433587013,0.023079466676929,0.20412414523193154,0.1736042805241503,-0.14967497253247586,0.3208002503072525,-0.14967497253247586,0.3208002503072525,0.3345947435093773,0.023036626265007982,0.3345947435093773,0.023036626265007982,,,0.2025644345454582,0.1769858362424446,0.5537794188107718,6.543153093832928e-05,0.5538333627432459,6.530197213882918e-05,0.5537794188107718,6.543153093832928e-05,0.33449630433587013,0.023079466676929,0.5538333627432459,6.530197213882918e-05,0.5538333627432459,6.530197213882918e-05,0.5538333627432459,6.530197213882918e-05,0.5538333627432459,6.530197213882918e-05,0.5538333627432459,6.530197213882918e-05,0.5538333627432459,6.530197213882918e-05,0.2146654261182937,0.1519646838609912,0.2146654261182937,0.1519646838609912,0.3365318479440854,0.022207071495958217,0.3052430070015214,0.03913150585406875,0.3415257448665089,0.020183353476720203,0.20237197423165082,0.1774063633600684,0.21472469158037602,0.15184890795175557,-0.27234946305306684,0.06708348131651355,0.5538333627432459,6.530197213882918e-05,0.5538333627432459,6.530197213882918e-05,0.5538333627432459,6.530197213882918e-05,0.3345947435093773,0.023036626265007982,-0.15,0.3197384916808745,,,1.0,0.0,,,-0.14967497253247586,0.3208002503072525,,,0.33449630433587013,0.023079466676929,,,,
Azure-Samples/java-functions-eventhub-cosmosdb,,,,,,,,,,,,,,,,,0.35675303400633795,0.25498114530639754,,,,,,,,,,,,,,,,,,,,,,,,,,,,,,,,,,,,,,,,,,,,,,,,,,,,,,,,,,,,,,,,,,,1.0,0.0,,,,,,,,,,,,
Azure-Samples/storage-blobs-java-quickstart,,,,,,,,,-0.6689119387618835,1.1194964634052327e-05,-0.6689119387618835,1.1194964634052327e-05,0.6689119387618835,1.1194964634052327e-05,,,,,,,,,,,,,,,,,,,,,,,-0.03978685863834382,0.820483241970813,-0.6689119387618835,1.1194964634052327e-05,-0.19893429319171907,0.25193381925051966,-0.48900964692182575,0.0028733550265526713,-0.48900964692182575,0.0028733550265526713,0.48900964692182575,0.0028733550265526713,,,,,,,,,,,,,,,,,,,,,,,0.48900964692182575,0.0028733550265526713,,,,,,,,,,,,,1.0,0.0,,,,,,,,,,,,
Azure-Samples/cognitive-services-qnamaker-java,0.3590854964930532,0.06584598906262307,0.3590854964930532,0.06584598906262307,0.3584707990440639,0.06634376517351784,,,0.3584707990440639,0.06634376517351784,0.3584707990440639,0.06634376517351784,0.3584707990440639,0.06634376517351784,0.3584707990440639,0.06634376517351784,-0.3584707990440639,0.06634376517351784,-0.3584707990440639,0.06634376517351784,-0.3584707990440639,0.06634376517351784,-0.3584707990440639,0.06634376517351784,,,,,-0.3584707990440639,0.06634376517351784,-0.3584707990440639,0.06634376517351784,,,,,-0.25603633796324266,0.19737555123076939,-0.25603633796324266,0.19737555123076939,-0.25603633796324266,0.19737555123076939,-0.3584707990440639,0.06634376517351784,-0.3584707990440639,0.06634376517351784,-0.3584707990440639,0.06634376517351784,-0.3584707990440639,0.06634376517351784,-0.3584707990440639,0.06634376517351784,-0.3584707990440639,0.06634376517351784,-0.3584707990440639,0.06634376517351784,-0.3584707990440639,0.06634376517351784,-0.3584707990440639,0.06634376517351784,-0.3584707990440639,0.06634376517351784,,,-0.3584707990440639,0.06634376517351784,-0.3584707990440639,0.06634376517351784,-0.3584707990440639,0.06634376517351784,0.028448481995915847,0.8879836613039224,-0.3584707990440639,0.06634376517351784,-0.3584707990440639,0.06634376517351784,-0.3584707990440639,0.06634376517351784,-0.3584707990440639,0.06634376517351784,0.3584707990440639,0.06634376517351784,0.4273907088000499,0.026174444752430696,1.0,0.0,,,0.3584707990440639,0.06634376517351784,,,-0.3584707990440639,0.06634376517351784,,,,
Azure-Samples/active-directory-b2c-android-native-appauth,0.24709269726143995,0.11016970481973747,0.24709269726143995,0.11016970481973747,,,,,,,,,0.35367765699493225,0.01998452930092472,,,,,0.24709269726143995,0.11016970481973747,0.24709269726143995,0.11016970481973747,0.24709269726143995,0.11016970481973747,-0.43829128676312284,0.0032852712485201847,,,,,,,0.24709269726143995,0.11016970481973747,,,0.24709269726143995,0.11016970481973747,,,0.24709269726143995,0.11016970481973747,,,,,,,0.24709269726143995,0.11016970481973747,0.43829128676312284,0.0032852712485201847,-0.24709269726143995,0.11016970481973747,0.24709269726143995,0.11016970481973747,-0.24709269726143995,0.11016970481973747,-0.24709269726143995,0.11016970481973747,,,0.24709269726143995,0.11016970481973747,-0.24709269726143995,0.11016970481973747,,,0.24709269726143995,0.11016970481973747,0.35367765699493225,0.01998452930092472,,,-0.43829128676312284,0.0032852712485201847,,,,,,,-0.24709269726143995,0.11016970481973747,0.9999999999999999,1.6e-322,-0.24709269726143995,0.11016970481973747,,,,,0.24709269726143995,0.11016970481973747,,,,
Azure-Samples/azure-cosmos-db-graph-java-getting-started,0.7685883570974212,4.416697412483875e-09,0.7685883570974212,4.416697412483875e-09,0.7685883570974212,4.416697412483875e-09,0.7691475338589825,4.236378328338902e-09,0.6621292011931337,2.418785323194909e-06,0.7318183256876114,5.440240152668926e-08,0.6621292011931337,2.418785323194909e-06,0.6621292011931337,2.418785323194909e-06,0.7691475338589825,4.236378328338902e-09,,,,,0.585755508523621,5.7360352243379036e-05,,,,,,,,,,,,,0.7685883570974212,4.416697412483875e-09,0.7685883570974212,4.416697412483875e-09,0.7685883570974212,4.416697412483875e-09,0.6450391472965826,5.298793886558837e-06,0.7685883570974212,4.416697412483875e-09,0.7685883570974212,4.416697412483875e-09,0.7685883570974212,4.416697412483875e-09,0.7685883570974212,4.416697412483875e-09,0.7578168868867371,9.645162312374768e-09,0.7685883570974212,4.416697412483875e-09,0.7685883570974212,4.416697412483875e-09,0.7685883570974212,4.416697412483875e-09,0.7685883570974212,4.416697412483875e-09,0.7691475338589825,4.236378328338902e-09,0.3981978428474522,0.009923751168348907,,,,,-0.7318183256876114,5.440240152668926e-08,0.7685883570974212,4.416697412483875e-09,0.7685883570974212,4.416697412483875e-09,0.7685883570974212,4.416697412483875e-09,0.7691475338589825,4.236378328338902e-09,,,-0.3981978428474522,0.009923751168348907,1.0,0.0,,,,,,,,,,,,
Azure-Samples/cognitive-services-face-android-detect,-0.6139406135149205,0.0006587058340579425,-0.6139406135149205,0.0006587058340579425,-0.6139406135149205,0.0006587058340579425,,,0.6028777143513753,0.0008737303117954504,0.6139406135149205,0.0006587058340579425,0.6139406135149205,0.0006587058340579425,0.6139406135149205,0.0006587058340579425,0.6139406135149205,0.0006587058340579425,,,0.6139406135149205,0.0006587058340579425,,,0.6139406135149205,0.0006587058340579425,0.6139406135149205,0.0006587058340579425,0.6139406135149205,0.0006587058340579425,0.6139406135149205,0.0006587058340579425,,,0.6139406135149205,0.0006587058340579425,0.6028777143513753,0.0008737303117954504,0.6028777143513753,0.0008737303117954504,0.6139406135149205,0.0006587058340579425,0.6139406135149205,0.0006587058340579425,0.6139406135149205,0.0006587058340579425,0.6028777143513753,0.0008737303117954504,0.6139406135149205,0.0006587058340579425,0.6139406135149205,0.0006587058340579425,0.6139406135149205,0.0006587058340579425,0.6139406135149205,0.0006587058340579425,0.6139406135149205,0.0006587058340579425,0.6139406135149205,0.0006587058340579425,0.6139406135149205,0.0006587058340579425,,,0.6139406135149205,0.0006587058340579425,0.6139406135149205,0.0006587058340579425,0.6139406135149205,0.0006587058340579425,0.6028777143513753,0.0008737303117954504,0.6139406135149205,0.0006587058340579425,0.6139406135149205,0.0006587058340579425,0.6139406135149205,0.0006587058340579425,0.6139406135149205,0.0006587058340579425,,,-0.6139406135149205,0.0006587058340579425,1.0,0.0,,,0.6139406135149205,0.0006587058340579425,0.6139406135149205,0.0006587058340579425,,,,,,
Azure-Samples/active-directory-b2c-android-native-msal,-0.7279567309862048,4.685483556916057e-08,-0.7279567309862048,4.685483556916057e-08,-0.7279567309862048,4.685483556916057e-08,0.8715911531774017,5.899115403780527e-14,0.8715911531774017,5.899115403780527e-14,0.8715911531774017,5.899115403780527e-14,0.8715911531774017,5.899115403780527e-14,-0.8715911531774017,5.899115403780527e-14,-0.8715911531774017,5.899115403780527e-14,-0.8715911531774017,5.899115403780527e-14,-0.8715911531774017,5.899115403780527e-14,-0.8715911531774017,5.899115403780527e-14,-0.8715911531774017,5.899115403780527e-14,0.8715911531774017,5.899115403780527e-14,-0.8715911531774017,5.899115403780527e-14,-0.8715911531774017,5.899115403780527e-14,-0.8715911531774017,5.899115403780527e-14,0.8715911531774017,5.899115403780527e-14,-0.8715911531774017,5.899115403780527e-14,-0.8715911531774017,5.899115403780527e-14,-0.8715911531774017,5.899115403780527e-14,-0.8715911531774017,5.899115403780527e-14,-0.8715911531774017,5.899115403780527e-14,-0.8715911531774017,5.899115403780527e-14,-0.8715911531774017,5.899115403780527e-14,-0.8715911531774017,5.899115403780527e-14,-0.8715911531774017,5.899115403780527e-14,-0.8715911531774017,5.899115403780527e-14,-0.7279567309862048,4.685483556916057e-08,-0.7279567309862048,4.685483556916057e-08,-0.8440422229952277,2.204481519769804e-12,-0.8715911531774017,5.899115403780527e-14,0.8715911531774017,5.899115403780527e-14,0.8715911531774017,5.899115403780527e-14,0.8715911531774017,5.899115403780527e-14,-0.8715911531774017,5.899115403780527e-14,-0.8715911531774017,5.899115403780527e-14,-0.8715911531774017,5.899115403780527e-14,-0.8715911531774017,5.899115403780527e-14,-0.8715911531774017,5.899115403780527e-14,-0.8715911531774017,5.899115403780527e-14,0.9329518715137212,2.393116401872234e-19,0.9999999999999999,1.0641442854e-314,,,-0.8715911531774017,5.899115403780527e-14,0.8715911531774017,5.899115403780527e-14,-0.8715911531774017,5.899115403780527e-14,0.8715911531774017,5.899115403780527e-14,-0.8715911531774017,5.899115403780527e-14
Azure-Samples/storage-blob-java-getting-started,-0.5487762769707295,4.6696312985536935e-06,-0.5487762769707295,4.6696312985536935e-06,-0.5487762769707295,4.6696312985536935e-06,,,0.008117145487322515,0.9504940411453873,-0.5491817867260346,4.579590882530346e-06,-0.5482100694445066,4.798118640999361e-06,-0.5491817867260346,4.579590882530346e-06,-0.5487762769707295,4.6696312985536935e-06,0.5513871809258395,4.11760245919195e-06,-0.5482100694445066,4.798118640999361e-06,-0.26728170838234677,0.03730588168844244,0.5504854841966994,4.300968077867292e-06,,,-0.44853551136368724,0.00028857535295019105,-0.44853551136368724,0.00028857535295019105,0.5513871809258395,4.11760245919195e-06,-0.44853551136368724,0.00028857535295019105,0.08296477771344757,0.5249930123968714,0.08296477771344757,0.5249930123968714,0.08296477771344757,0.5249930123968714,-0.44853551136368724,0.00028857535295019105,0.08296477771344757,0.5249930123968714,-0.5482100694445066,4.798118640999361e-06,0.08296477771344757,0.5249930123968714,0.08296477771344757,0.5249930123968714,-0.44853551136368724,0.00028857535295019105,0.08296477771344757,0.5249930123968714,-0.5482100694445066,4.798118640999361e-06,-0.5482100694445066,4.798118640999361e-06,-0.5482100694445066,4.798118640999361e-06,,,-0.44853551136368724,0.00028857535295019105,-0.26728170838234677,0.03730588168844244,-0.26728170838234677,0.03730588168844244,-0.08296477771344757,0.5249930123968714,-0.44853551136368724,0.00028857535295019105,-0.44853551136368724,0.00028857535295019105,-0.44853551136368724,0.00028857535295019105,-0.44853551136368724,0.00028857535295019105,0.5504854841966994,4.300968077867292e-06,0.4503972143427541,0.00027028314084386463,1.0,0.0,,,0.5504854841966994,4.300968077867292e-06,,,-0.5504854841966994,4.300968077867292e-06,-0.1517643266886305,0.24297886139562028,,
Azure-Samples/storage-table-java-getting-started,-0.6019712102576784,2.8716596748982166e-07,-0.6019712102576784,2.8716596748982166e-07,-0.5787009688847753,1.0335088067594151e-06,,,-0.5776919663200136,1.0900925469309146e-06,-0.5787009688847753,1.0335088067594151e-06,-0.16125205512626722,0.21441824862884898,-0.5787009688847753,1.0335088067594151e-06,0.2987033324931371,0.019369403356817094,0.3275928466415769,0.009960635091884449,0.08922722496624794,0.49407891498255674,0.08903091828996545,0.49503334137386157,-0.3263115137783386,0.010272439684748226,0.08903091828996545,0.49503334137386157,0.08903091828996545,0.49503334137386157,0.08903091828996545,0.49503334137386157,0.3275928466415769,0.009960635091884449,-0.3275928466415769,0.009960635091884449,0.08887568712615594,0.4957887410893166,-0.5787009688847753,1.0335088067594151e-06,0.08887568712615594,0.4957887410893166,0.08903091828996545,0.49503334137386157,0.08887568712615594,0.4957887410893166,-0.5787009688847753,1.0335088067594151e-06,0.08887568712615594,0.4957887410893166,0.08887568712615594,0.4957887410893166,0.08903091828996545,0.49503334137386157,0.08887568712615594,0.4957887410893166,-0.5787009688847753,1.0335088067594151e-06,-0.5787009688847753,1.0335088067594151e-06,-0.5787009688847753,1.0335088067594151e-06,,,-0.08922722496624794,0.49407891498255674,0.08903091828996545,0.49503334137386157,0.08903091828996545,0.49503334137386157,-0.08903091828996545,0.49503334137386157,0.08903091828996545,0.49503334137386157,0.08903091828996545,0.49503334137386157,0.08903091828996545,0.49503334137386157,0.08903091828996545,0.49503334137386157,0.3275928466415769,0.009960635091884449,0.5799769622806116,9.658912181260633e-07,0.9999999999999999,0.0,,,0.3275928466415769,0.009960635091884449,,,0.08903091828996545,0.49503334137386157,-0.3275928466415769,0.009960635091884449,,
Azure-Samples/iot-edge-sample-java,,,,,,,,,,,,,,,,,,,,,,,,,,,,,,,,,,,,,,,,,,,,,,,,,,,,,,,,,,,,,,,,,,,,,,,,,,,,,,,,,,,,,0.9999999999999998,4.5947784791824466e-178,,,,,,,,,,,,
Azure-Samples/SpeechToText-REST,,,,,,,,,,,,,,,,,,,,,,,,,,,,,,,,,,,,,,,,,,,,,,,,,,,,,,,,,,,,,,,,,,,,,,,,,,,,,,,,,,,,,1.0,0.0,,,,,,,,,,,,
Azure-Samples/key-vault-java-certificate-authentication,0.6186404847588913,2.0935319693263072e-05,0.6186404847588913,2.0935319693263072e-05,0.6186404847588913,2.0935319693263072e-05,0.6186404847588913,2.0935319693263072e-05,0.6186404847588913,2.0935319693263072e-05,0.6186404847588913,2.0935319693263072e-05,0.6186404847588913,2.0935319693263072e-05,0.6186404847588913,2.0935319693263072e-05,,,,,,,,,,,,,,,,,,,,,0.6186404847588913,2.0935319693263072e-05,0.6186404847588913,2.0935319693263072e-05,0.6186404847588913,2.0935319693263072e-05,0.6186404847588913,2.0935319693263072e-05,0.6186404847588913,2.0935319693263072e-05,0.6186404847588913,2.0935319693263072e-05,0.6186404847588913,2.0935319693263072e-05,0.6186404847588913,2.0935319693263072e-05,0.6186404847588913,2.0935319693263072e-05,0.6186404847588913,2.0935319693263072e-05,0.6186404847588913,2.0935319693263072e-05,0.6186404847588913,2.0935319693263072e-05,0.6186404847588913,2.0935319693263072e-05,0.6186404847588913,2.0935319693263072e-05,0.6186404847588913,2.0935319693263072e-05,,,,,0.6186404847588913,2.0935319693263072e-05,0.6186404847588913,2.0935319693263072e-05,0.6186404847588913,2.0935319693263072e-05,0.6186404847588913,2.0935319693263072e-05,0.6186404847588913,2.0935319693263072e-05,,,,,1.0,0.0,,,,,,,,,,,,
Azure-Samples/storage-blob-android-photo-uploader,,,,,,,,,,,,,,,,,,,,,,,,,,,,,,,,,,,,,0.7994358913389507,9.558830127815656e-12,,,,,,,,,0.7994358913389507,9.558830127815656e-12,,,,,,,,,,,,,,,,,,,,,,,0.7994358913389507,9.558830127815656e-12,,,,,,,,,,,,,1.0,0.0,,,,,,,,,,,,
