AvgCyclomatic,AvgCyclomaticModified,AvgCyclomaticStrict,AvgEssential,AvgLine,AvgLineBlank,AvgLineCode,AvgLineComment,CountClassBase,CountClassCoupled,CountClassCoupledModified,CountClassDerived,CountDeclClass,CountDeclClassMethod,CountDeclClassVariable,CountDeclExecutableUnit,CountDeclFile,CountDeclFunction,CountDeclInstanceMethod,CountDeclInstanceVariable,CountDeclMethod,CountDeclMethodAll,CountDeclMethodDefault,CountDeclMethodPrivate,CountDeclMethodProtected,CountDeclMethodPublic,CountInput,CountLine,CountLineBlank,CountLineCode,CountLineCodeDecl,CountLineCodeExe,CountLineComment,CountOutput,CountPath,CountPathLog,CountSemicolon,CountStmt,CountStmtDecl,CountStmtExe,Cyclomatic,CyclomaticModified,CyclomaticStrict,Essential,Knots,MaxCyclomatic,MaxCyclomaticModified,MaxCyclomaticStrict,MaxEssential,MaxEssentialKnots,MaxInheritanceTree,MaxNesting,MinEssentialKnots,PercentLackOfCohesion,PercentLackOfCohesionModified,RatioCommentToCode,SumCyclomatic,SumCyclomaticModified,SumCyclomaticStrict,SumEssential,type,numberJavaFiles,commitSha,commitDate,readability
1.0,1.0,1.5,1.0,7.0,0.0,6.5,0.5,2.5,2.5,0.5,0.0,,0.0,1.0,,,,9.5,2.5,9.5,21.5,0.0,1.5,3.0,5.0,,118.5,14.5,87.0,25.0,49.5,17.0,,,,36.5,54.0,19.5,34.5,,,,,,3.0,3.0,3.0,1.0,,2.0,1.5,,39.0,29.0,0.265,15.0,15.0,17.5,9.5,average,,26d04ed046807cd509e295a1889d92c6b51a90d8,2016-12-12 16:19:28-08:00,0.0
1.0,1.0,1.5,1.0,7.0,0.0,6.5,0.5,2.5,2.5,0.5,0.0,,0.0,1.0,,,,9.5,2.5,9.5,21.5,0.0,1.5,3.0,5.0,,118.5,14.5,87.0,25.0,49.5,17.0,,,,36.5,54.0,19.5,34.5,,,,,,3.0,3.0,3.0,1.0,,2.0,1.5,,39.0,29.0,0.265,15.0,15.0,17.5,9.5,median,,26d04ed046807cd509e295a1889d92c6b51a90d8,2016-12-12 16:19:28-08:00,0.0
,,,,,,,,,,,,5.0,,,,,,,,,,,,,,,,,,,,,,,,,,,,,,,,,,,,,,,,,,,,,,,,absolute,2.0,26d04ed046807cd509e295a1889d92c6b51a90d8,2016-12-12 16:19:28-08:00,0.0
1.0,1.0,1.5,1.0,7.0,0.0,6.5,0.5,2.5,2.5,0.5,0.0,,0.0,1.0,,,,9.5,2.5,9.5,21.5,0.0,1.5,3.0,5.0,,118.5,14.5,87.0,25.0,49.5,17.0,,,,36.5,54.0,19.5,34.5,,,,,,3.0,3.0,3.0,1.0,,2.0,1.5,,39.0,29.0,0.265,15.0,15.0,17.5,9.5,average,,2f222445e5ebde6f642f74ed0457f00d570cf7e8,2017-02-02 15:58:03-08:00,0.0
1.0,1.0,1.5,1.0,7.0,0.0,6.5,0.5,2.5,2.5,0.5,0.0,,0.0,1.0,,,,9.5,2.5,9.5,21.5,0.0,1.5,3.0,5.0,,118.5,14.5,87.0,25.0,49.5,17.0,,,,36.5,54.0,19.5,34.5,,,,,,3.0,3.0,3.0,1.0,,2.0,1.5,,39.0,29.0,0.265,15.0,15.0,17.5,9.5,median,,2f222445e5ebde6f642f74ed0457f00d570cf7e8,2017-02-02 15:58:03-08:00,0.0
,,,,,,,,,,,,5.0,,,,,,,,,,,,,,,,,,,,,,,,,,,,,,,,,,,,,,,,,,,,,,,,absolute,2.0,2f222445e5ebde6f642f74ed0457f00d570cf7e8,2017-02-02 15:58:03-08:00,0.0
1.0,1.0,1.5,1.0,7.0,0.0,6.5,0.5,2.5,2.5,0.5,0.0,,0.0,1.0,,,,9.5,2.5,9.5,21.5,0.0,1.5,3.0,5.0,,118.5,14.5,87.0,25.0,49.5,17.0,,,,36.5,54.0,19.5,34.5,,,,,,3.0,3.0,3.0,1.0,,2.0,1.5,,39.0,29.0,0.265,15.0,15.0,17.5,9.5,average,,6d6df1f31c5689f6e1ce418276148f13506196e0,2019-09-02 15:16:18-07:00,0.0
1.0,1.0,1.5,1.0,7.0,0.0,6.5,0.5,2.5,2.5,0.5,0.0,,0.0,1.0,,,,9.5,2.5,9.5,21.5,0.0,1.5,3.0,5.0,,118.5,14.5,87.0,25.0,49.5,17.0,,,,36.5,54.0,19.5,34.5,,,,,,3.0,3.0,3.0,1.0,,2.0,1.5,,39.0,29.0,0.265,15.0,15.0,17.5,9.5,median,,6d6df1f31c5689f6e1ce418276148f13506196e0,2019-09-02 15:16:18-07:00,0.0
,,,,,,,,,,,,5.0,,,,,,,,,,,,,,,,,,,,,,,,,,,,,,,,,,,,,,,,,,,,,,,,absolute,2.0,6d6df1f31c5689f6e1ce418276148f13506196e0,2019-09-02 15:16:18-07:00,0.0
