AvgCyclomatic,AvgCyclomaticModified,AvgCyclomaticStrict,AvgEssential,AvgLine,AvgLineBlank,AvgLineCode,AvgLineComment,CountClassBase,CountClassCoupled,CountClassCoupledModified,CountClassDerived,CountDeclClass,CountDeclClassMethod,CountDeclClassVariable,CountDeclExecutableUnit,CountDeclFile,CountDeclFunction,CountDeclInstanceMethod,CountDeclInstanceVariable,CountDeclMethod,CountDeclMethodAll,CountDeclMethodDefault,CountDeclMethodPrivate,CountDeclMethodProtected,CountDeclMethodPublic,CountInput,CountLine,CountLineBlank,CountLineCode,CountLineCodeDecl,CountLineCodeExe,CountLineComment,CountOutput,CountPath,CountPathLog,CountSemicolon,CountStmt,CountStmtDecl,CountStmtExe,Cyclomatic,CyclomaticModified,CyclomaticStrict,Essential,Knots,MaxCyclomatic,MaxCyclomaticModified,MaxCyclomaticStrict,MaxEssential,MaxEssentialKnots,MaxInheritanceTree,MaxNesting,MinEssentialKnots,PercentLackOfCohesion,PercentLackOfCohesionModified,RatioCommentToCode,SumCyclomatic,SumCyclomaticModified,SumCyclomaticStrict,SumEssential,type,numberJavaFiles,commitSha,commitDate,readability
1.25,1.25,1.25,1.0,12.75,0.75,8.25,3.25,1.25,3.0,1.5,0.0,,0.0,0.75,,,,5.5,6.5,5.5,17.5,0.25,0.25,1.0,4.0,,215.5,25.0,140.75,57.25,87.25,50.5,,,,94.25,119.5,57.25,62.25,,,,,,4.25,3.5,4.5,1.0,,1.75,1.5,,46.25,46.25,0.3225,9.75,9.0,10.0,5.5,average,,1cc24fa08e1cade3bb4599a7f663cd7ef5c4aaf3,2016-08-28 03:55:28-07:00,0.0
1.0,1.0,1.0,1.0,14.0,0.5,8.5,3.5,1.0,3.0,1.5,0.0,,0.0,0.5,,,,6.0,5.0,6.0,18.0,0.0,0.0,1.0,4.5,,206.0,22.0,137.0,55.5,87.5,48.5,,,,94.5,119.5,58.0,61.5,,,,,,5.0,4.0,5.5,1.0,,2.0,1.0,,55.0,55.0,0.375,11.5,10.0,11.5,6.0,median,,1cc24fa08e1cade3bb4599a7f663cd7ef5c4aaf3,2016-08-28 03:55:28-07:00,0.0
,,,,,,,,,,,,4.0,,,,,,,,,,,,,,,,,,,,,,,,,,,,,,,,,,,,,,,,,,,,,,,,absolute,1.0,1cc24fa08e1cade3bb4599a7f663cd7ef5c4aaf3,2016-08-28 03:55:28-07:00,0.0
1.25,1.25,1.25,1.0,12.75,0.75,8.25,3.25,1.25,3.0,1.5,0.0,,0.0,0.75,,,,5.5,6.5,5.5,17.5,0.25,0.25,1.0,4.0,,215.5,25.0,140.75,57.25,87.25,50.5,,,,94.25,119.5,57.25,62.25,,,,,,4.25,3.5,4.5,1.0,,1.75,1.5,,46.25,46.25,0.3225,9.75,9.0,10.0,5.5,average,,6a4bbd889042aab780028803f77dcdf7d9559a82,2019-10-08 09:21:53-07:00,0.0
1.0,1.0,1.0,1.0,14.0,0.5,8.5,3.5,1.0,3.0,1.5,0.0,,0.0,0.5,,,,6.0,5.0,6.0,18.0,0.0,0.0,1.0,4.5,,206.0,22.0,137.0,55.5,87.5,48.5,,,,94.5,119.5,58.0,61.5,,,,,,5.0,4.0,5.5,1.0,,2.0,1.0,,55.0,55.0,0.375,11.5,10.0,11.5,6.0,median,,6a4bbd889042aab780028803f77dcdf7d9559a82,2019-10-08 09:21:53-07:00,0.0
,,,,,,,,,,,,4.0,,,,,,,,,,,,,,,,,,,,,,,,,,,,,,,,,,,,,,,,,,,,,,,,absolute,1.0,6a4bbd889042aab780028803f77dcdf7d9559a82,2019-10-08 09:21:53-07:00,0.0
