framework,path,commits,date,numberOfJavaFiles,countLineCode/numberOfJavaFiles,SumCyclomaticStrict/CountDeclMethod,readability
spring,spring-guides/gs-scheduling-tasks,c687ed5662a04ea92412a60124caf20cb4cfef62,2013-04-17 12:01:13-05:00,0,0,0,0
spring,spring-guides/gs-scheduling-tasks,a46fa0ca24ed384fd206d020d3ca6cecc12c533f,2013-04-17 12:23:19-05:00,0,0,0,0
spring,spring-guides/gs-scheduling-tasks,802a0db6e92c8f01831dd28fef3f51cce426fb41,2013-04-17 13:44:47-05:00,0,0,0,0
spring,spring-guides/gs-scheduling-tasks,71eb0efa9a033928212e14c210c3df13ff0cfe68,2013-04-17 17:03:08-05:00,5,16.0,1.3333333333333333,0.19937386369565502
spring,spring-guides/gs-scheduling-tasks,b52f18fba17933f7a9a69f3cc0e6c0b705a9f9db,2013-04-17 17:11:18-05:00,5,16.0,1.3333333333333333,0.19937386369565502
spring,spring-guides/gs-scheduling-tasks,86c90e324b13566bc7856a087e113358b39adb1c,2013-04-17 17:19:54-05:00,5,16.0,1.3333333333333333,0.19645414518890902
spring,spring-guides/gs-scheduling-tasks,6e57a9878b57106bff7392ca3703cac5f7fd8fe7,2013-04-17 17:20:28-05:00,5,16.0,1.3333333333333333,0.19645414518890902
spring,spring-guides/gs-scheduling-tasks,bf140977f2b8737a732bcbd427b017dc4d29c4f8,2013-04-18 08:52:51-05:00,5,16.0,1.3333333333333333,0.19645414518890902
spring,spring-guides/gs-scheduling-tasks,e60722dc1c35494a6f7d1079ced391ba3a6bdeb8,2013-04-18 09:43:48-05:00,5,16.0,1.3333333333333333,0.19645414518890902
spring,spring-guides/gs-scheduling-tasks,d28bd578e00c7b034b3bce0950724c4419e60787,2013-04-18 10:08:18-05:00,5,16.0,1.3333333333333333,0.19645414518890902
spring,spring-guides/gs-scheduling-tasks,a6e9f361db47cbbaee029bf35044519418e154a8,2013-04-18 10:31:14-05:00,5,15.8,1.3333333333333333,0.1979297071695328
spring,spring-guides/gs-scheduling-tasks,08ee5e6bd222ac446928c2812122b96328c2df99,2013-04-18 15:28:32-05:00,5,15.8,1.3333333333333333,0.1979297071695328
spring,spring-guides/gs-scheduling-tasks,c1ed337a44e1877623ea91ee040f61a9894ff91c,2013-04-18 15:30:44-05:00,5,15.8,1.3333333333333333,0.1979297071695328
spring,spring-guides/gs-scheduling-tasks,1af7308dffb00777c1deb66df5f3c32a7c6a6c31,2013-04-18 15:37:05-05:00,10,9.4,1.3333333333333333,0.5767988875508309
spring,spring-guides/gs-scheduling-tasks,3b1f4f2b56a167e8ec614f7a3052f8e7449aa9db,2013-04-18 16:52:57-05:00,10,9.4,1.3333333333333333,0.5767988875508309
spring,spring-guides/gs-scheduling-tasks,a3b0e11b8242c1b3a9f761ecf461861513376f4f,2013-04-18 16:55:39-05:00,10,9.4,1.3333333333333333,0.5767988875508309
spring,spring-guides/gs-scheduling-tasks,8d9402998d402bd78de45c727b00a4505ce543af,2013-04-19 08:36:05-05:00,10,9.4,1.3333333333333333,0.5767988875508309
spring,spring-guides/gs-scheduling-tasks,2ed5584f9ee55f1f77f5a5930e5072eed6e66154,2013-04-19 09:11:21-05:00,10,9.4,1.3333333333333333,0.5767988875508309
spring,spring-guides/gs-scheduling-tasks,089c010994701e2a3ab256792fb55b8e733f9a70,2013-04-22 15:05:14-05:00,8,14.25,1.3333333333333333,0.28815327398478985
spring,spring-guides/gs-scheduling-tasks,574974149d4995458cac2b51b21d2600b835ccea,2013-04-22 15:09:24-05:00,8,14.25,1.3333333333333333,0.28815327398478985
spring,spring-guides/gs-scheduling-tasks,a12fb9c8c79f18f83b323c76de12244d86e41725,2013-04-22 15:37:15-05:00,8,14.25,1.3333333333333333,0.2894722558557987
spring,spring-guides/gs-scheduling-tasks,7c548a2ada5fcc19cc120bb07e185094c791e355,2013-05-08 19:48:56-05:00,6,14.666666666666666,1.6,0.21051991148851812
spring,spring-guides/gs-scheduling-tasks,0dfe507eb8761dd5186baf21a097c154605d5c76,2013-05-09 08:22:06-05:00,6,14.666666666666666,1.6,0.21051991148851812
spring,spring-guides/gs-scheduling-tasks,e09e401cde1e96f9334b7cffd9ff37d7bb7d3bf9,2013-05-09 09:34:56-05:00,6,14.666666666666666,1.6,0.21051991148851812
spring,spring-guides/gs-scheduling-tasks,115652f27984c342eac60a2f045cd9de4c9b6ab2,2013-05-09 10:04:16-05:00,5,14.6,1.75,0.2742728193057701
spring,spring-guides/gs-scheduling-tasks,c1c4b98d5659f46ecf03dcd3828c7e5b7a0b241d,2013-05-09 10:48:07-05:00,4,9.75,1.0,0.5362720862030983
spring,spring-guides/gs-scheduling-tasks,d9dd267d0f420f0cadd398d66586bd406f8cf418,2013-05-09 11:02:31-05:00,4,9.75,1.0,0.5437604635953903
spring,spring-guides/gs-scheduling-tasks,a2f84847381efcf148b859659f081c66d437c955,2013-05-09 11:07:52-05:00,4,9.75,1.0,0.5475568398833275
spring,spring-guides/gs-scheduling-tasks,2d7de6b4c6f7b76ac8895394085e5dee00c16760,2013-05-09 14:06:10-05:00,2,9.5,1.0,0.6220425069332123
spring,spring-guides/gs-scheduling-tasks,0ee70c84c45b79b8da1fd57f9df7265714bfde79,2013-05-22 13:20:21+02:00,2,10.0,1.0,0.5569387599825859
spring,spring-guides/gs-scheduling-tasks,2f146b34132e7aead207d708c0a8e0cd89ee92fa,2013-05-22 13:20:21+02:00,2,10.0,1.0,0.5569387599825859
spring,spring-guides/gs-scheduling-tasks,180b9c11db527f634f2600e007b9623d5dcb1f50,2013-05-22 04:42:35-07:00,2,10.0,1.0,0.5569387599825859
spring,spring-guides/gs-scheduling-tasks,36b7cbbeb4e273e6dfbcab6e3b94a354d7c97265,2013-05-22 14:36:22-05:00,2,10.0,1.0,0.5569387599825859
spring,spring-guides/gs-scheduling-tasks,f4e238fd91db19bbc9893a672f638a590bd708c2,2013-05-22 15:13:02-05:00,2,10.0,1.0,0.5569387599825859
spring,spring-guides/gs-scheduling-tasks,cc9b0a5e118c94ba18d5d908c1ce1adb684c1dba,2013-05-23 13:21:12+02:00,2,10.0,1.0,0.5569387599825859
spring,spring-guides/gs-scheduling-tasks,b64e9790cfd275c14d274953bce42cd65a8b820e,2013-05-23 13:24:20+02:00,2,10.0,1.0,0.5569387599825859
spring,spring-guides/gs-scheduling-tasks,dc35e90defa5cadb407cb03e7c415e323784b89b,2013-05-23 13:26:17+02:00,2,10.0,1.0,0.5569387599825859
spring,spring-guides/gs-scheduling-tasks,082b70c05ccf2da0c9a74c5ba1b8dd851f503960,2013-05-23 19:22:20+02:00,2,10.0,1.0,0.5569387599825859
spring,spring-guides/gs-scheduling-tasks,8088b446453c713a8094448d51d2a90d7d1bdbed,2013-05-24 06:15:22-07:00,2,10.0,1.0,0.5569387599825859
spring,spring-guides/gs-scheduling-tasks,2ea54775337df193352b654a6f195348af225417,2013-05-24 08:37:25-07:00,2,10.0,1.0,0.5569387599825859
spring,spring-guides/gs-scheduling-tasks,04b28f441c1a322a64132a2c6c729aed572295d9,2013-05-24 10:04:43-07:00,2,10.0,1.0,0.5569387599825859
spring,spring-guides/gs-scheduling-tasks,3024b6ec9de7deb67bf20eb7740c5691074db00a,2013-05-27 19:38:51+02:00,2,10.0,1.0,0.5569387599825859
spring,spring-guides/gs-scheduling-tasks,fcd1259932116b207e003df5e150a4ea0859f30b,2013-05-28 11:48:14+02:00,2,10.0,1.0,0.5569387599825859
spring,spring-guides/gs-scheduling-tasks,ce9177ab3bda4bbaf52587a4cd918d8f0121ea59,2013-06-03 08:50:36+02:00,2,10.0,1.0,0.5569387599825859
spring,spring-guides/gs-scheduling-tasks,8ebd9e1edbd1a8fa6377e0dee35fddb8553498f8,2013-06-03 09:16:24+02:00,2,10.0,1.0,0.5569387599825859
spring,spring-guides/gs-scheduling-tasks,631c585471324ad8bc9b86a0071ab61716e8e5ee,2013-06-03 09:30:32+02:00,2,10.0,1.0,0.5569387599825859
spring,spring-guides/gs-scheduling-tasks,66d7ba2af289164b9b01f444312fdf7f8eef4c74,2013-06-06 15:51:54-05:00,2,10.0,1.0,0.5569387599825859
spring,spring-guides/gs-scheduling-tasks,ad6ab68f952d02c4e8b6178b229693c389da11a5,2013-06-21 14:19:00-04:00,2,10.0,1.0,0.5569387599825859
spring,spring-guides/gs-scheduling-tasks,c4ca53d3446ddccfb15ec6a9e621daff5f047ed5,2013-07-02 14:59:44-04:00,2,10.0,1.0,0.5569387599825859
spring,spring-guides/gs-scheduling-tasks,7db0318c749e5c25536bb047eae31081a4276bba,2013-07-03 22:22:43-04:00,2,10.0,1.0,0.5569387599825859
spring,spring-guides/gs-scheduling-tasks,38b81d8c287eb4aae6d78a50d1f4afc11797abe6,2013-07-09 16:33:58-05:00,2,10.0,1.0,0.5569387599825859
spring,spring-guides/gs-scheduling-tasks,f9917c1b10f28dd11fd3c2b195ac311738dd9c4f,2013-07-11 11:16:40-05:00,2,10.0,1.0,0.5569387599825859
spring,spring-guides/gs-scheduling-tasks,3ca9a51dc9272235619f4a8a83331a47f43ccff1,2013-07-12 08:14:08-05:00,2,10.0,1.0,0.5569387599825859
spring,spring-guides/gs-scheduling-tasks,1a68570a7c8fad66f66b6768ba0732c6f8dfe67c,2013-07-15 08:54:43-04:00,2,10.0,1.0,0.5569387599825859
spring,spring-guides/gs-scheduling-tasks,401079ad3c75159e58617c9b472486dfe2a03a40,2013-07-15 16:30:24-04:00,2,10.0,1.0,0.5569387599825859
spring,spring-guides/gs-scheduling-tasks,7dd60a7d1edf181767e35afe57b5c068e3d7042a,2013-07-17 07:12:34-04:00,2,10.0,1.0,0.5569387599825859
spring,spring-guides/gs-scheduling-tasks,4b6bf80f7bd593e1706479bd1c9badaac2da0a0e,2013-07-17 07:22:53-04:00,2,10.0,1.0,0.5569387599825859
spring,spring-guides/gs-scheduling-tasks,5132644b38efc05188505ef0d66f4f3cc59a3be0,2013-07-18 10:41:37-04:00,2,10.0,1.0,0.5569387599825859
spring,spring-guides/gs-scheduling-tasks,c451bba8d303f46ed17894a063e2a28e65fbd523,2013-07-18 12:06:16-04:00,2,10.0,1.0,0.5569387599825859
spring,spring-guides/gs-scheduling-tasks,b6f570c13c4e48339fbd2a2ff6b6a1197c7dee36,2013-07-18 15:16:03-04:00,2,10.0,1.0,0.5569387599825859
spring,spring-guides/gs-scheduling-tasks,0480f1c7c92bc1d81e86c179005c49fdda9f277c,2013-07-18 15:39:19-04:00,2,10.0,1.0,0.5569387599825859
spring,spring-guides/gs-scheduling-tasks,c9cc7aca4494b910f8d672a7e8155a61bb186dc8,2013-07-18 13:47:15-07:00,2,10.0,1.0,0.5569387599825859
spring,spring-guides/gs-scheduling-tasks,396c47b68ca744dd3d44fb4060b86d69315578fa,2013-07-18 14:24:00-07:00,2,10.0,1.0,0.5569387599825859
spring,spring-guides/gs-scheduling-tasks,7a8854b078586f0069718e34925712c5d0e0563f,2013-07-19 05:53:31-07:00,2,10.0,1.0,0.5569387599825859
spring,spring-guides/gs-scheduling-tasks,81d912e0051bc36d3d626b8b34263042364d22c9,2013-07-19 10:28:27-04:00,2,10.0,1.0,0.5569387599825859
spring,spring-guides/gs-scheduling-tasks,e0c2e7a9af22fe1363d5cd89f08def8bde8d4348,2013-07-19 16:35:01-04:00,2,10.0,1.0,0.5569387599825859
spring,spring-guides/gs-scheduling-tasks,f08abb810985524559192c9f78fd5060ed8a9c00,2013-07-23 16:11:23-04:00,2,10.0,1.0,0.5569387599825859
spring,spring-guides/gs-scheduling-tasks,abb3a51b21c18692e9c7b083dc7165df550da40a,2013-07-26 12:27:13-04:00,2,10.0,1.0,0.5569387599825859
spring,spring-guides/gs-scheduling-tasks,6f82db94275c547608eddaa4e820281c40f79972,2013-07-30 10:19:49-04:00,2,10.0,1.0,0.5595266446471214
spring,spring-guides/gs-scheduling-tasks,28d058d35580e5cdfc44b85d0638c8a4519c3aa6,2013-07-31 15:43:09-04:00,2,10.0,1.0,0.5595266446471214
spring,spring-guides/gs-scheduling-tasks,788ad9fd763f5c1c2c302f45cc5b124292f6421e,2013-08-01 14:34:17-04:00,2,10.0,1.0,0.5595266446471214
spring,spring-guides/gs-scheduling-tasks,a5761fb7f6cce65dfaf3c457dc885b380afe7288,2013-08-01 22:04:50-04:00,2,10.0,1.0,0.5595266446471214
spring,spring-guides/gs-scheduling-tasks,cfee74e9b9de7382a25e80f84dcd297601428e3e,2013-08-06 11:24:17-05:00,2,10.0,1.0,0.5595266446471214
spring,spring-guides/gs-scheduling-tasks,fdc7c0200ed820c4039e58f98c121ef5763b9152,2013-08-06 14:44:01-05:00,2,10.0,1.0,0.5595266446471214
spring,spring-guides/gs-scheduling-tasks,b73b9b28e904f76806bc40fa65e2ef8acabd5afa,2013-08-08 00:48:39-04:00,2,10.0,1.0,0.5595266446471214
spring,spring-guides/gs-scheduling-tasks,630f9c28fff8845fe804f8a55a9f78b26234dc0d,2013-08-08 10:38:41+02:00,2,10.0,1.0,0.5595266446471214
spring,spring-guides/gs-scheduling-tasks,9863a50a1c315556b41ae94206e81f136a9d1bc5,2013-08-08 11:28:33-05:00,2,10.0,1.0,0.5595266446471214
spring,spring-guides/gs-scheduling-tasks,f5a43b87719cdba49bd1da033ddd76f48238400d,2013-08-09 12:04:35-05:00,2,10.0,1.0,0.5595266446471214
spring,spring-guides/gs-scheduling-tasks,4fcb105e1252a4eda2cffb1cfbc190f0bcf911c1,2013-08-09 13:18:37-05:00,2,10.0,1.0,0.5595266446471214
spring,spring-guides/gs-scheduling-tasks,671dade0c7542cc640cf791aa400b5531f2d5fe4,2013-08-10 21:43:26+02:00,2,10.0,1.0,0.5595266446471214
spring,spring-guides/gs-scheduling-tasks,2d47696c3c56900d702f98ba17fcff6bbcff4475,2013-08-12 14:00:40-05:00,2,10.0,1.0,0.5595266446471214
spring,spring-guides/gs-scheduling-tasks,e2d920f4c23eab26177fb068d4791fc005369f85,2013-08-12 14:32:20-05:00,2,10.0,1.0,0.5595266446471214
spring,spring-guides/gs-scheduling-tasks,6d42b4d8269fa31c7c5c8ad585adcb05bed19c56,2013-08-13 13:02:43-05:00,2,10.0,1.0,0.5595266446471214
spring,spring-guides/gs-scheduling-tasks,9612e7d65c4d0522ddb9d6e9a62df4c84b3c7b16,2013-08-13 14:06:33-05:00,2,10.0,1.0,0.5595266446471214
spring,spring-guides/gs-scheduling-tasks,f2cda4913e21f38e74f0016d0984560b4878e32d,2013-08-15 11:57:11-05:00,2,10.0,1.0,0.5595266446471214
spring,spring-guides/gs-scheduling-tasks,11952221075c09caa83219547b17b5e8c56829cd,2013-08-15 12:04:08-05:00,2,10.0,1.0,0.5595266446471214
spring,spring-guides/gs-scheduling-tasks,b115f72e5844955e494fae52625413847207b465,2013-08-15 12:28:24-05:00,2,10.0,1.0,0.5595266446471214
spring,spring-guides/gs-scheduling-tasks,3c4265642a27f779f177e1f63a6672eff422c697,2013-08-16 10:01:22-05:00,2,10.0,1.0,0.5595266446471214
spring,spring-guides/gs-scheduling-tasks,4151a9c45ea3b2159385ba6c77f580d1fc33f75b,2013-08-16 14:02:57-04:00,2,10.0,1.0,0.5595266446471214
spring,spring-guides/gs-scheduling-tasks,d591c55c2254300512836e82d13716e129aef49c,2013-08-16 14:53:44-05:00,2,10.0,1.0,0.5595266446471214
spring,spring-guides/gs-scheduling-tasks,4b64d4cf0d525e49062f8766e3b362ff220c2960,2013-08-16 15:08:01-05:00,2,10.0,1.0,0.5595266446471214
spring,spring-guides/gs-scheduling-tasks,919b5a70ae85e40cf16f956ba13106f995f09be0,2013-08-16 15:35:37-05:00,2,10.0,1.0,0.5595266446471214
spring,spring-guides/gs-scheduling-tasks,aa2f0a6593d5e0f2d2db062960bfc78cef30bcf6,2013-08-16 15:53:36-05:00,2,10.0,1.0,0.5595266446471214
spring,spring-guides/gs-scheduling-tasks,8b2b3ce2005fb438e066f22d242587e6091f9696,2013-08-16 18:51:06-07:00,2,10.0,1.0,0.5595266446471214
spring,spring-guides/gs-scheduling-tasks,a2ded3e21c491348e204f96f0cfbaede1ef9c9fc,2013-08-19 07:02:55-07:00,2,10.0,1.0,0.5595266446471214
spring,spring-guides/gs-scheduling-tasks,0955c64e61bce187874522d215b4cc081e7c9a0e,2013-08-19 11:13:22-05:00,2,10.0,1.0,0.5595266446471214
spring,spring-guides/gs-scheduling-tasks,fa5219149533b266b071cafdf1884c0cabfd3fc1,2013-08-23 13:47:04-05:00,2,10.0,1.0,0.5595266446471214
spring,spring-guides/gs-scheduling-tasks,28fb8352c2fda739d1e15c36cc9a29c49b4af58a,2013-08-24 14:52:42+02:00,2,10.0,1.0,0.5595266446471214
spring,spring-guides/gs-scheduling-tasks,8a9c01bfac9b9c7e873707c901d69648aca1b65a,2013-08-28 16:53:44-05:00,2,10.0,1.0,0.5595266446471214
spring,spring-guides/gs-scheduling-tasks,f45a94934ef33b63cf4d92bc9a31533f65902681,2013-08-30 16:42:21-05:00,2,10.0,1.0,0.5595266446471214
spring,spring-guides/gs-scheduling-tasks,3c403500b2498b4dbe84e30bc61f972b0d826322,2013-09-06 15:25:34-05:00,2,10.0,1.0,0.5595266446471214
spring,spring-guides/gs-scheduling-tasks,d82824ed8b00b5f2770a3f0d8252db8a830857b3,2013-09-08 17:53:01-05:00,2,10.0,1.0,0.5595266446471214
spring,spring-guides/gs-scheduling-tasks,b2d79ae69cb7fa9e2ec4c3b4a7659cbade4261c1,2013-09-08 21:45:11-05:00,2,10.0,1.0,0.5595266446471214
spring,spring-guides/gs-scheduling-tasks,d87b93270c8444f48965b47515a4dbc64fb99b08,2013-09-09 09:16:54-07:00,2,10.0,1.0,0.5595266446471214
spring,spring-guides/gs-scheduling-tasks,454835109b706a81d0f6b7b9aa245ed6248eaac6,2013-09-11 17:56:26-07:00,2,10.0,1.0,0.5595266446471214
spring,spring-guides/gs-scheduling-tasks,8e01cba8c291ceafacaac7505266c1482b4d3db4,2013-09-27 10:32:20-05:00,2,10.0,1.0,0.5595266446471214
spring,spring-guides/gs-scheduling-tasks,c19032df4abb785809394381bbe12109c73abaa1,2013-09-30 08:19:18-05:00,2,10.0,1.0,0.5595266446471214
spring,spring-guides/gs-scheduling-tasks,5272df1a043cfda708c8c1b099561215d23cba8e,2013-09-30 09:27:12-05:00,2,10.0,1.0,0.5595266446471214
spring,spring-guides/gs-scheduling-tasks,55c59df4a736ce709e360836116262e885cf6832,2013-09-30 11:59:05-05:00,2,10.0,1.0,0.5595266446471214
spring,spring-guides/gs-scheduling-tasks,761bec7cd1e626cc16bdd9d78706a72f14f83f4d,2013-10-30 10:03:56-05:00,2,10.0,1.0,0.5595266446471214
spring,spring-guides/gs-scheduling-tasks,8be0c39fcf2f9bd6e713415e10516818d4db6d0c,2013-11-18 15:52:35-06:00,2,10.0,1.0,0.5595266446471214
spring,spring-guides/gs-scheduling-tasks,68a547eaa13cfbc2869fb911c5b33384aaaf4819,2013-11-19 16:34:04-06:00,2,10.0,1.0,0.5595266446471214
spring,spring-guides/gs-scheduling-tasks,22a4ac48afc85ba6fbcefb92529c840b2c6ae3ec,2013-11-25 12:51:37-06:00,2,10.0,1.0,0.5595266446471214
spring,spring-guides/gs-scheduling-tasks,656c85cfbb58a93d95c452faa529c8f8b27cca99,2013-11-25 13:59:49-06:00,2,10.0,1.0,0.5595266446471214
spring,spring-guides/gs-scheduling-tasks,d56568c655ad9a1ffcee14e9267a3214d15da35c,2014-01-15 10:44:01-06:00,2,10.0,1.0,0.5595266446471214
spring,spring-guides/gs-scheduling-tasks,4975931fb73e8f3d728045746332c770dbb000e2,2014-01-16 14:37:21-06:00,2,10.0,1.0,0.5595266446471214
spring,spring-guides/gs-scheduling-tasks,a006a3319bba375ec38db8dca04a887645aaf50a,2014-01-22 12:21:40-06:00,2,10.0,1.0,0.5595266446471214
spring,spring-guides/gs-scheduling-tasks,34eb5d2032c0f173f796cab89fc9d755e71d4001,2014-02-12 09:17:58-06:00,2,10.0,1.0,0.5595266446471214
spring,spring-guides/gs-scheduling-tasks,a4f39df296b09fe2980254439434afadf5d2afbe,2014-02-13 12:38:42-06:00,2,10.0,1.0,0.5595266446471214
spring,spring-guides/gs-scheduling-tasks,4bb90640e673ab4a62710620b932aafc7f33f4b7,2014-02-14 11:24:05-06:00,2,10.0,1.0,0.5595266446471214
spring,spring-guides/gs-scheduling-tasks,d863f1bd0fd1fb0d39161b26d0021480b30737dc,2014-02-14 15:04:09-06:00,2,10.0,1.0,0.5595266446471214
spring,spring-guides/gs-scheduling-tasks,dc704bad1861f5ca14d3499026246ff40b6e3c30,2014-02-17 15:51:19-06:00,2,10.0,1.0,0.5595266446471214
spring,spring-guides/gs-scheduling-tasks,f21975333050da33759e6d828fd2b48ea593e253,2014-02-18 16:34:46-06:00,2,10.0,1.0,0.5595266446471214
spring,spring-guides/gs-scheduling-tasks,2ee4e63db46a43a9ceed1f202a1e992b0e0fecf4,2014-02-19 09:28:05-06:00,2,10.0,1.0,0.5595266446471214
spring,spring-guides/gs-scheduling-tasks,86a600d5dc9d83eeb671b0f90f9776357a57bfd7,2014-02-19 09:49:59-06:00,2,10.0,1.0,0.5595266446471214
spring,spring-guides/gs-scheduling-tasks,3305d13330ecd8f77e3e73e9c37b58938bc4dd6c,2014-03-04 15:10:42-05:00,2,10.0,1.0,0.5595266446471214
spring,spring-guides/gs-scheduling-tasks,ac2f8fb1bee623becf20b5dc586a4da243505956,2014-03-22 07:18:20-05:00,2,10.0,1.0,0.5595266446471214
spring,spring-guides/gs-scheduling-tasks,7b82aa774c3904c0a0e0d9dd79400c7dd327633c,2014-04-01 15:11:44-05:00,2,10.0,1.0,0.5595266446471214
spring,spring-guides/gs-scheduling-tasks,fd7ba5877baf04ce9f76d35d693671c3bb719614,2014-04-07 10:10:07-05:00,2,10.0,1.0,0.5595266446471214
spring,spring-guides/gs-scheduling-tasks,f316f16d8ba78184b098e48dd5579a0ebe6e1f8f,2014-04-24 09:37:30-05:00,2,10.0,1.0,0.5595266446471214
spring,spring-guides/gs-scheduling-tasks,344192b32a513cd9d46669f3906fcc2041aa5739,2014-05-05 10:14:34-04:00,2,10.0,1.0,0.5595266446471214
spring,spring-guides/gs-scheduling-tasks,1d6019fb6ef6e1babc341490f697771c92703330,2014-06-10 19:16:48-05:00,2,10.0,1.0,0.5595266446471214
spring,spring-guides/gs-scheduling-tasks,fe23a8c4c6b84604413c0a97d20fd2f61bd5703a,2014-06-11 09:09:13-05:00,2,10.0,1.0,0.5595266446471214
spring,spring-guides/gs-scheduling-tasks,4795b5cc746ab661dc23e0035ea2e4153d1b8584,2014-06-11 16:48:50-05:00,2,10.0,1.0,0.5595266446471214
spring,spring-guides/gs-scheduling-tasks,b001af2eaf9efd5d70f806767073b78f71f0ec19,2014-06-24 16:25:33-04:00,2,10.0,1.0,0.5595266446471214
spring,spring-guides/gs-scheduling-tasks,b22229d8f875c6e12957fc7a674ed02dc6838b86,2014-06-24 19:56:06-04:00,2,10.0,1.0,0.5595266446471214
spring,spring-guides/gs-scheduling-tasks,8939d6a3d806216836e7427873f8e083a9d6e7e0,2014-06-27 22:55:40-04:00,2,10.0,1.0,0.5595266446471214
spring,spring-guides/gs-scheduling-tasks,c7c56d20dd6334079bf6f5017f81cc44bf66575e,2014-07-08 15:42:09-05:00,2,10.0,1.0,0.5595266446471214
spring,spring-guides/gs-scheduling-tasks,ab11ec72741c03df2f1d631da992d2cc5e213c31,2014-08-08 22:12:50-05:00,2,10.0,1.0,0.5595266446471214
spring,spring-guides/gs-scheduling-tasks,a658747e6be6b0b421832adef275ea43d65ce2eb,2014-09-02 11:44:58-05:00,2,10.0,1.0,0.5595266446471214
spring,spring-guides/gs-scheduling-tasks,d84f28c5d01fbb0264e51049a428cd453020a026,2014-09-05 11:14:19-05:00,2,10.0,1.0,0.5595266446471214
spring,spring-guides/gs-scheduling-tasks,18bccfacc085f329506836a809758fdf37ce3080,2014-09-29 12:42:49-05:00,2,10.0,1.0,0.5595266446471214
spring,spring-guides/gs-scheduling-tasks,72c11273fc8d51193944c4f770da8a24d860c35d,2014-09-29 12:55:08-05:00,2,10.0,1.0,0.5595266446471214
spring,spring-guides/gs-scheduling-tasks,cf499d091da6233afd4be95362ed1406a70c09d4,2014-10-10 22:05:36-05:00,2,10.0,1.0,0.5595266446471214
spring,spring-guides/gs-scheduling-tasks,8eb35b6b4e60545186006cda848b11fb4aed65a5,2014-11-12 13:08:45-06:00,2,10.0,1.0,0.5595266446471214
spring,spring-guides/gs-scheduling-tasks,ecfb1705ba54b71de22e6232d1846ad4ddab91e3,2014-11-20 10:15:27-06:00,2,10.0,1.0,0.5595266446471214
spring,spring-guides/gs-scheduling-tasks,2f6a5e6ee144b47c1582bf8b8b096cbf52a5886c,2014-12-11 11:08:13-06:00,2,10.0,1.0,0.5595266446471214
spring,spring-guides/gs-scheduling-tasks,441b97bb49f72ac3161e73d9c3cd386c8afc3b3f,2015-01-14 12:34:13-06:00,2,10.0,1.0,0.5595266446471214
spring,spring-guides/gs-scheduling-tasks,50260947e896bc1d8832a9b94422178d9426b992,2015-02-18 11:08:17-06:00,2,10.0,1.0,0.5595266446471214
spring,spring-guides/gs-scheduling-tasks,adc89c1648112dca8c1c91e3d3842fb5794f2f9c,2015-02-25 09:40:31-06:00,2,10.0,1.0,0.5595266446471214
spring,spring-guides/gs-scheduling-tasks,fc8d3677a52fb01fa48d2992bfd786eea6acad8c,2015-02-26 22:40:06-06:00,2,10.0,1.0,0.5595266446471214
spring,spring-guides/gs-scheduling-tasks,efa4cac1cfcf4d3b6f141acf8217af2d4f38d6ec,2015-02-27 09:46:09+01:00,2,12.0,1.0,0.2769540026783943
spring,spring-guides/gs-scheduling-tasks,abf958cd5f034a8bc2fbd7536d2d11e72bc70b42,2015-03-05 10:13:30+01:00,2,12.0,1.0,0.2769540026783943
spring,spring-guides/gs-scheduling-tasks,0b76b1e7a2cb854676e949e5f98709fae9d9e6aa,2015-03-15 14:34:42-04:00,2,12.0,1.0,0.2769540026783943
spring,spring-guides/gs-scheduling-tasks,7609390ec35d4e14b1a4bb538b07716aad1881d5,2015-03-31 16:56:24-05:00,2,12.0,1.0,0.2769540026783943
spring,spring-guides/gs-scheduling-tasks,52ce1861e901fb0862fc623823ee012adc64b78d,2015-06-09 09:42:05-04:00,2,12.0,1.0,0.2769540026783943
spring,spring-guides/gs-scheduling-tasks,050a6d6c503fda8341a4d89c473da82f9eb1ccbc,2015-06-12 14:05:04-04:00,2,12.0,1.0,0.2769540026783943
spring,spring-guides/gs-scheduling-tasks,00d4f88d2a6d44b392218919c7bc62200e8f3705,2015-06-15 11:05:53-04:00,2,12.0,1.0,0.2769540026783943
spring,spring-guides/gs-scheduling-tasks,bcf9fb42b01792249efe3d476f235ffffef38fbd,2015-06-15 11:20:26-04:00,2,12.0,1.0,0.2769540026783943
spring,spring-guides/gs-scheduling-tasks,d3ebdb35a02884308fc5a0360bd0535c8c7aa9bb,2015-06-15 14:04:17-04:00,2,12.0,1.0,0.2769540026783943
spring,spring-guides/gs-scheduling-tasks,a58914511f64e076362393bd4491a16bdbaaad55,2015-07-02 08:46:42-05:00,2,12.0,1.0,0.2769540026783943
spring,spring-guides/gs-scheduling-tasks,f97050db00bc47715c455c45f35d3e29f7b41788,2015-08-25 15:10:38-05:00,2,12.0,1.0,0.2769540026783943
spring,spring-guides/gs-scheduling-tasks,53ce36834d10e5e3517542ecb4ebde1f5af14e4c,2015-09-20 15:41:58-05:00,2,12.0,1.0,0.2769540026783943
spring,spring-guides/gs-scheduling-tasks,40b40555145dd07f1a6dd2a20d18534cbef5d285,2015-10-16 09:44:05-04:00,2,12.0,1.0,0.2769540026783943
spring,spring-guides/gs-scheduling-tasks,803861f8893955cf663481697ac14fd75b34785f,2015-11-16 11:11:00-06:00,2,12.0,1.0,0.2769540026783943
spring,spring-guides/gs-scheduling-tasks,3e3418e62a9c79ee98a2c5a8a0042205ebbdc0a8,2015-12-18 09:40:36-06:00,2,12.0,1.0,0.2769540026783943
spring,spring-guides/gs-scheduling-tasks,a8305e6531962bfdeb4b89f586d1ca3b194c88b9,2016-01-21 21:29:20-06:00,2,12.0,1.0,0.2769540026783943
spring,spring-guides/gs-scheduling-tasks,599f210f63109a67a6d6960980741cc917d4f5ed,2016-02-24 10:13:01-06:00,2,12.0,1.0,0.2769540026783943
spring,spring-guides/gs-scheduling-tasks,d11d74fb08840c0ab8345879573d2fdc4ceae591,2016-02-26 07:30:24-06:00,2,12.0,1.0,0.2769540026783943
spring,spring-guides/gs-scheduling-tasks,94210a8af91a16c9907880cc72b34b4b977a06e2,2016-05-06 09:49:22-05:00,2,12.0,1.0,0.2769540026783943
spring,spring-guides/gs-scheduling-tasks,3df0e8d310d32617cee6e1a4b30591981e68f28d,2016-05-10 10:26:54-05:00,2,12.0,1.0,0.2769540026783943
spring,spring-guides/gs-scheduling-tasks,b19fb6603069b56e56d0da5620fcc19d4a961859,2016-06-27 15:23:35-05:00,2,12.0,1.0,0.2769540026783943
spring,spring-guides/gs-scheduling-tasks,7ed4cc6f4ca3004ee156c23a06ee8ff30384e3bb,2016-07-02 10:10:41+01:00,2,12.0,1.0,0.2769540026783943
spring,spring-guides/gs-scheduling-tasks,03ed50b313790a92f9c4df2fec4d32369effeeab,2016-07-05 13:52:50-05:00,2,12.0,1.0,0.2769540026783943
spring,spring-guides/gs-scheduling-tasks,80fd51f327499ea900ba8522fedb27302f7f57cc,2016-07-28 06:53:20-05:00,2,12.0,1.0,0.2769540026783943
spring,spring-guides/gs-scheduling-tasks,9b6f32f563a9c3efe525b8e2d6b4d0e65b6bd6d1,2016-07-29 11:30:24-05:00,2,12.0,1.0,0.2769540026783943
spring,spring-guides/gs-scheduling-tasks,d60eab65369cc49e1a030691d09a013ce701cc23,2016-08-25 12:22:41+01:00,3,14.666666666666666,1.0,0.09645991260185838
spring,spring-guides/gs-scheduling-tasks,cbc9bfae3b2a61c4235ae42ae42f5916732daed0,2016-08-26 16:45:28+01:00,3,14.666666666666666,1.0,0.09645991260185838
spring,spring-guides/gs-scheduling-tasks,ff6b09e185ec6c803446599c2ea87bb405a1be57,2016-08-29 13:18:34-05:00,3,14.666666666666666,1.0,0.09645991260185838
spring,spring-guides/gs-scheduling-tasks,0c67285ec2a8a935323f41cad1b9def981f986e2,2016-09-23 16:36:39-05:00,3,14.666666666666666,1.0,0.09645991260185838
spring,spring-guides/gs-scheduling-tasks,8cfd43019f63ed86459cc252922f65ba4aee40b0,2016-11-08 11:53:02-06:00,3,14.666666666666666,1.0,0.09645991260185838
spring,spring-guides/gs-scheduling-tasks,c02e2642e974f25d2a8b084eafd5b84e51fd820c,2016-11-30 10:07:11-06:00,3,14.666666666666666,1.0,0.09645991260185838
spring,spring-guides/gs-scheduling-tasks,6507ca138a33189541dba98802b14981cf52a833,2016-12-22 22:33:31-06:00,3,14.666666666666666,1.0,0.09645991260185838
spring,spring-guides/gs-scheduling-tasks,9bf1fb52488471186f1aa30b7a5493acbeac89fb,2017-01-26 12:38:12-06:00,3,14.666666666666666,1.0,0.09645991260185838
spring,spring-guides/gs-scheduling-tasks,c5c29f102154f512b1aeedc10174e380c4e727e8,2017-01-26 12:48:33-06:00,3,14.666666666666666,1.0,0.09645991260185838
spring,spring-guides/gs-scheduling-tasks,7713873ca73f1d57f8c8fa374dd51a8292af071d,2017-01-30 11:39:07-06:00,3,14.666666666666666,1.0,0.09645991260185838
spring,spring-guides/gs-scheduling-tasks,b907e3ee0dddefc7286bfc6e8398cdc23f62b549,2017-01-30 23:34:23-06:00,3,14.666666666666666,1.0,0.09645991260185838
spring,spring-guides/gs-scheduling-tasks,31e1d2815691720b1e3bc6363217c5af33ff81e1,2017-03-03 11:13:48-06:00,3,14.666666666666666,1.0,0.09645991260185838
spring,spring-guides/gs-scheduling-tasks,6b8cce488dd25148d8dc33b93b0ef7f265a15b53,2017-04-21 09:20:48-05:00,3,14.666666666666666,1.0,0.09645991260185838
spring,spring-guides/gs-scheduling-tasks,bca63ef32152fbf7760d201a5eb0612a9c6af01c,2017-07-26 12:23:40-05:00,3,14.666666666666666,1.0,0.09645991260185838
spring,spring-guides/gs-scheduling-tasks,adb4ef000014981edf6ab761211506b1f756ad31,2017-07-27 10:05:26-05:00,3,14.666666666666666,1.0,0.09645991260185838
spring,spring-guides/gs-scheduling-tasks,2736c9beb989b483e20ea279e4ec93e9f6b4d251,2017-08-11 12:28:30-05:00,3,14.666666666666666,1.0,0.09645991260185838
spring,spring-guides/gs-scheduling-tasks,cb47386fe058885119d64eece5d4a6556efc6514,2017-09-13 13:16:09-05:00,3,14.666666666666666,1.0,0.09645991260185838
spring,spring-guides/gs-scheduling-tasks,3c2d5bd9abc4c139853ee9c3520cffaeebc17094,2017-10-17 15:43:00-05:00,3,14.666666666666666,1.0,0.09645991260185838
spring,spring-guides/gs-scheduling-tasks,47d5b41e3f543492f37e27fdce9f5b5ef183df7b,2017-11-30 11:07:26-06:00,3,14.666666666666666,1.0,0.09645991260185838
spring,spring-guides/gs-scheduling-tasks,95204f590b6c543434d5aab02d4379479292a9e7,2018-01-31 09:16:46-06:00,3,14.666666666666666,1.0,0.09645991260185838
spring,spring-guides/gs-scheduling-tasks,7ed1e3543db065fddb3ab0d6afcec8149bc6c617,2018-03-01 09:21:35-06:00,3,14.666666666666666,1.0,0.09645991260185838
spring,spring-guides/gs-scheduling-tasks,6f33f76f0ba8b562d7066ededf087f0249e86f0e,2018-03-01 09:54:30-06:00,3,14.666666666666666,1.0,0.09645991260185838
spring,spring-guides/gs-scheduling-tasks,65427cebafe6ffcec3180778761e9af5eddaffc1,2018-03-05 23:22:33-06:00,3,14.666666666666666,1.0,0.09645991260185838
spring,spring-guides/gs-scheduling-tasks,88330294b5ae0818ff930f73ed07e98ca50818d9,2018-04-02 13:04:18-05:00,3,14.666666666666666,1.0,0.09645991260185838
spring,spring-guides/gs-scheduling-tasks,afd65fcc0b696c3032c8bd218b7a61cd6e46a656,2018-04-05 11:45:28-05:00,3,14.666666666666666,1.0,0.09645991260185838
spring,spring-guides/gs-scheduling-tasks,2a8a8772f40790ce9b51b85f97c54111ea1781e0,2018-05-09 11:27:11-05:00,3,14.666666666666666,1.0,0.09645991260185838
spring,spring-guides/gs-scheduling-tasks,1a5ab2041c0068979e17cd47e76c38f06fc35693,2018-06-18 16:17:24-05:00,3,14.666666666666666,1.0,0.09645991260185838
spring,spring-guides/gs-scheduling-tasks,51c940ddefecf6b9dee06ca7981edecfe6eca9fa,2018-09-17 10:51:26-05:00,3,14.666666666666666,1.0,0.09645991260185838
spring,spring-guides/gs-scheduling-tasks,44f489b37a2ee72970585d9b9154ce9460ccc1de,2018-10-14 01:21:18+03:00,3,14.666666666666666,1.0,0.0943612231252094
spring,spring-guides/gs-scheduling-tasks,29b9ff9a406af996a21bb0f64c64d4cc5a64cacd,2018-11-15 14:28:22-05:00,4,16.75,1.25,0.055894470824569
spring,spring-guides/gs-scheduling-tasks,7b4636390e628973c44f8fc72fb129e446eddae9,2019-03-15 08:11:09-07:00,4,16.75,1.25,0.055894470824569
spring,spring-guides/gs-scheduling-tasks,595cc3dd3cea8ed7da6a3ad77126abc15a63c1e6,2019-03-19 21:33:00-05:00,4,16.75,1.25,0.055894470824569
spring,spring-guides/gs-scheduling-tasks,109d0c554bfc23f2cb128c470b9fa2b6f7655ec8,2019-03-20 13:29:34+01:00,4,16.75,1.25,0.055894470824569
spring,spring-guides/gs-scheduling-tasks,74b7d702ed1898c1b8e55b1a3c3294ec3dd30006,2019-03-20 09:39:09-05:00,4,16.75,1.25,0.055894470824569
spring,spring-guides/gs-scheduling-tasks,ab48760ea3b41262c51ad965d4255018d7931ee7,2019-03-20 10:01:49-05:00,4,16.75,1.25,0.055894470824569
spring,spring-guides/gs-scheduling-tasks,797502c01bbaa741be270c388115b6b40316570e,2019-03-21 12:51:26-07:00,4,16.75,1.25,0.055894470824569
spring,spring-guides/gs-scheduling-tasks,7f5a0c529115026824eba0bdef9fdcead943aa0b,2019-03-21 12:56:35-07:00,4,16.75,1.25,0.05589826007053489
spring,spring-guides/gs-scheduling-tasks,4e0a997632877a7fb651ff1aa8b74004ac6215ce,2019-04-22 10:45:07-05:00,4,16.75,1.25,0.05589826007053489
spring,spring-guides/gs-scheduling-tasks,efd64c150692cdf9aa6ce7fddc7df72c260fc662,2019-06-22 08:24:53-05:00,4,16.75,1.25,0.05589826007053489
spring,spring-guides/gs-scheduling-tasks,98c47248309241ef764cb83e47b1748e12a074b7,2019-08-12 09:08:40-05:00,4,16.75,1.25,0.05589826007053489
spring,spring-guides/gs-scheduling-tasks,fb3c124ef8daf377f580ebb225a1cd48a43a5d4c,2019-11-19 09:44:32-06:00,4,16.75,1.25,0.05589826007053489
spring,spring-guides/gs-scheduling-tasks,c6d206bf23a54097129dabd075d057becbefeef3,2019-11-19 12:08:39-06:00,4,16.75,1.25,0.05589826007053489
spring,spring-guides/gs-scheduling-tasks,56d1aa12734bf2bafdb8e564be6c644943ebf39a,2019-11-26 13:09:12-06:00,4,16.75,1.25,0.05594443594600307
spring,spring-guides/gs-scheduling-tasks,fb780a11f60eb63cef3080908d1821d6b6980813,2019-10-02 13:11:47-05:00,6,14.666666666666666,1.1666666666666667,0.14489632641683178
spring,spring-guides/gs-scheduling-tasks,79ac4e457e1b3945f320870b8d09daa68208e989,2019-10-24 15:30:14-05:00,6,13.0,1.1666666666666667,0.26474375762821484
spring,spring-guides/gs-scheduling-tasks,d9367a02ee44c9943526ed1b9bb947fb94076946,2020-02-01 14:49:14+01:00,6,13.0,1.1666666666666667,0.26474375762821484
