,,AvgCyclomatic,AvgCyclomaticModified,AvgCyclomaticStrict,AvgEssential,AvgLine,AvgLineBlank,AvgLineCode,AvgLineComment,CountClassBase,CountClassCoupled,CountClassCoupledModified,CountClassDerived,CountDeclClass,CountDeclClassMethod,CountDeclClassVariable,CountDeclExecutableUnit,CountDeclFile,CountDeclFunction,CountDeclInstanceMethod,CountDeclInstanceVariable,CountDeclMethod,CountDeclMethodAll,CountDeclMethodDefault,CountDeclMethodPrivate,CountDeclMethodProtected,CountDeclMethodPublic,CountInput,CountLine,CountLineBlank,CountLineCode,CountLineCodeDecl,CountLineCodeExe,CountLineComment,CountOutput,CountPath,CountPathLog,CountSemicolon,CountStmt,CountStmtDecl,CountStmtExe,Cyclomatic,CyclomaticModified,CyclomaticStrict,Essential,Knots,MaxCyclomatic,MaxCyclomaticModified,MaxCyclomaticStrict,MaxEssential,MaxEssentialKnots,MaxInheritanceTree,MaxNesting,MinEssentialKnots,PercentLackOfCohesion,PercentLackOfCohesionModified,RatioCommentToCode,SumCyclomatic,SumCyclomaticModified,SumCyclomaticStrict,SumEssential,numberJavaFiles,readability,questions
2013,4,0.9473684210526315,0.9473684210526315,0.9473684210526315,0.8421052631578947,5.302631578947368,0.4868421052631579,4.605263157894737,0.2236842105263158,1.0,3.3289473684210527,0.5263157894736842,0.0,5.473684210526316,0.18421052631578946,0.0,,,,0.881578947368421,0.14473684210526316,1.131578947368421,13.131578947368421,0.05263157894736842,0.0,0.039473684210526314,0.7105263157894737,,14.394736842105264,2.8947368421052633,11.144736842105264,5.592105263157895,4.434210526315789,0.32894736842105265,,,,3.736842105263158,7.184210526315789,4.447368421052632,2.710526315789474,,,,,,1.0,1.0,1.0,0.8421052631578947,,1.013157894736842,0.10526315789473684,,0.0,0.0,0.010263157894736842,1.894736842105263,1.894736842105263,1.894736842105263,1.131578947368421,5.368421052631579,0.31564897427875593,0.0
2013,5,1.2595419847328244,1.2595419847328244,1.2595419847328244,1.0,8.969465648854962,0.8969465648854962,7.687022900763359,0.40076335877862596,1.0,3.50381679389313,0.46946564885496184,0.0,4.526717557251908,0.35877862595419846,0.07633587786259542,,,,0.9961832061068703,0.2595419847328244,1.5877862595419847,13.587786259541986,0.022900763358778626,0.0,0.0,1.4198473282442747,,20.47328244274809,4.022900763358779,15.606870229007633,6.5534351145038165,7.969465648854962,0.9083969465648855,,,,6.297709923664122,10.30916030534351,5.980916030534351,4.419847328244275,,,,,,1.3358778625954197,1.3358778625954197,1.3358778625954197,1.0,,1.034351145038168,0.15648854961832062,,0.37786259541984735,0.37786259541984735,0.037137404580152654,1.9427480916030535,1.9427480916030535,1.9427480916030535,1.5877862595419847,3.7404580152671754,0.24123416825317473,0.0
2013,6,1.1818181818181819,1.1818181818181819,1.1818181818181819,1.0,7.051136363636363,0.5965909090909091,6.204545454545454,0.23295454545454544,1.0056818181818181,3.215909090909091,0.3465909090909091,0.0,3.75,0.3693181818181818,0.09659090909090909,,,,1.5795454545454546,0.4375,2.034090909090909,14.034090909090908,0.08522727272727272,0.03977272727272727,0.03409090909090909,1.8238636363636365,,18.261363636363637,3.5511363636363638,14.022727272727273,6.130681818181818,6.494318181818182,0.7102272727272727,,,,5.590909090909091,9.363636363636363,5.369318181818182,4.0852272727272725,,,,,,1.2897727272727273,1.2897727272727273,1.2897727272727273,1.0170454545454546,,1.1420454545454546,0.18181818181818182,,6.232954545454546,6.232954545454546,0.024318181818181826,2.3863636363636362,2.3863636363636362,2.3863636363636362,2.0511363636363638,3.0681818181818183,0.2658608692834161,0.0
2013,7,1.104325699745547,1.104325699745547,1.104325699745547,1.0,6.416030534351145,0.3893129770992366,5.792620865139949,0.14249363867684478,1.0025445292620865,3.703562340966921,0.40076335877862596,0.0,3.5852417302798982,0.34987277353689566,0.07124681933842239,,,,1.840966921119593,0.6513994910941476,2.2480916030534353,14.248091603053435,0.2875318066157761,0.04961832061068702,0.0,1.8651399491094147,,21.796437659033078,4.272264631043257,17.012722646310433,6.824427480916031,8.06615776081425,0.5432569974554707,,,,7.340966921119593,11.520356234096692,5.816793893129771,5.846055979643766,,,,,,1.4045801526717556,1.4045801526717556,1.4045801526717556,1.0076335877862594,,1.0865139949109415,0.24427480916030533,,14.510178117048346,14.510178117048346,0.01679389312977097,2.7213740458015265,2.7213740458015265,2.77735368956743,2.2557251908396947,3.0279898218829517,0.26682769102264825,0.0
2013,8,1.0917241379310345,1.0917241379310345,1.0917241379310345,1.0,6.205517241379311,0.40758620689655173,5.602758620689655,0.14275862068965517,1.0,3.549655172413793,0.36689655172413793,0.0,3.5724137931034483,0.30689655172413793,0.04068965517241379,,,,1.7006896551724138,0.603448275862069,2.039310344827586,14.039310344827586,0.24551724137931036,0.022758620689655173,0.0,1.7144827586206897,,20.30896551724138,4.148965517241379,15.846896551724138,6.382758620689655,7.2668965517241375,0.356551724137931,,,,6.6593103448275865,10.701379310344828,5.449655172413793,5.377241379310345,,,,,,1.3806896551724137,1.3806896551724137,1.3806896551724137,1.0,,1.0758620689655172,0.2386206896551724,,14.13103448275862,14.13103448275862,0.015282758620689636,2.504137931034483,2.504137931034483,2.5979310344827584,2.039310344827586,3.2951724137931033,0.3246828833477866,0.0
2013,9,1.1111111111111112,1.1111111111111112,1.1111111111111112,1.0,6.161616161616162,0.4015151515151515,5.611111111111111,0.1414141414141414,1.0,3.5681818181818183,0.3560606060606061,0.0,3.595959595959596,0.3333333333333333,0.045454545454545456,,,,1.5328282828282829,0.5252525252525253,1.8838383838383839,13.883838383838384,0.25,0.020202020202020204,0.0,1.5782828282828283,,19.32070707070707,3.992424242424242,15.075757575757576,6.08080808080808,6.828282828282828,0.3282828282828283,,,,6.126262626262626,10.04040404040404,5.1893939393939394,4.909090909090909,,,,,,1.3358585858585859,1.3358585858585859,1.3358585858585859,1.0,,1.0732323232323233,0.21464646464646464,,12.853535353535353,12.853535353535353,0.015151515151515154,2.3257575757575757,2.3257575757575757,2.446969696969697,1.8838383838383839,3.313131313131313,0.33569722340168545,0.0
2013,10,1.0681818181818181,1.0681818181818181,1.0681818181818181,1.0,5.363636363636363,0.29545454545454547,4.931818181818182,0.07954545454545454,1.0113636363636365,3.0681818181818183,0.3181818181818182,0.0,3.090909090909091,0.3409090909090909,0.022727272727272728,,,,1.7272727272727273,0.45454545454545453,2.0795454545454546,14.079545454545455,0.125,0.0,0.056818181818181816,1.7159090909090908,,19.102272727272727,3.7045454545454546,15.045454545454545,6.125,6.7272727272727275,0.38636363636363635,,,,6.1477272727272725,9.965909090909092,5.0227272727272725,5.295454545454546,,,,,,1.2954545454545454,1.2954545454545454,1.2954545454545454,1.0,,1.0340909090909092,0.17045454545454544,,9.761363636363637,9.761363636363637,0.011704545454545455,2.4204545454545454,2.4204545454545454,2.465909090909091,2.0795454545454546,3.2045454545454546,0.433809616596486,0.0
2013,11,1.1408450704225352,1.1408450704225352,1.1408450704225352,1.0,6.151408450704225,0.5035211267605634,5.415492957746479,0.14788732394366197,1.0598591549295775,3.3556338028169015,0.3345070422535211,0.0,3.788732394366197,0.2746478873239437,0.028169014084507043,,,,1.7077464788732395,0.8485915492957746,1.9929577464788732,13.992957746478874,0.15140845070422534,0.0,0.02464788732394366,1.767605633802817,,21.193661971830984,4.5,16.239436619718308,6.549295774647887,7.697183098591549,0.4753521126760563,,,,7.056338028169014,11.274647887323944,5.570422535211268,5.679577464788732,,,,,,1.5,1.5,1.5,1.0,,1.1056338028169015,0.2992957746478873,,15.172535211267606,15.172535211267606,0.021514084507042255,2.5880281690140845,2.5880281690140845,2.630281690140845,1.9929577464788732,3.556338028169014,0.3124052163330287,2.0
2013,12,1.0857142857142856,1.0857142857142856,1.0857142857142856,1.0,4.885714285714286,0.22857142857142856,4.485714285714286,0.14285714285714285,1.0571428571428572,2.8285714285714287,0.24285714285714285,0.0,4.314285714285714,0.15714285714285714,0.014285714285714285,,,,1.6857142857142857,0.6,1.8714285714285714,13.871428571428572,0.11428571428571428,0.0,0.0,1.7571428571428571,,18.02857142857143,4.1571428571428575,13.557142857142857,5.6,5.185714285714286,0.34285714285714286,,,,5.271428571428571,9.085714285714285,4.728571428571429,4.271428571428571,,,,,,1.2714285714285714,1.2714285714285714,1.2714285714285714,1.0,,1.1,0.17142857142857143,,10.357142857142858,10.357142857142858,0.022714285714285715,2.2714285714285714,2.2714285714285714,2.3857142857142857,1.8714285714285714,4.171428571428572,0.3919555314455844,0.0
2014,1,1.1333333333333333,1.1333333333333333,1.1333333333333333,1.0,5.727777777777778,0.35,5.194444444444445,0.16666666666666666,1.0333333333333334,3.161111111111111,0.2611111111111111,0.0,3.5,0.3611111111111111,0.03333333333333333,,,,1.3333333333333333,0.49444444444444446,1.6944444444444444,13.694444444444445,0.13333333333333333,0.0,0.016666666666666666,1.511111111111111,,17.261111111111113,3.5388888888888888,13.338888888888889,5.344444444444444,5.772222222222222,0.4166666666666667,,,,5.294444444444444,8.827777777777778,4.522222222222222,4.3,,,,,,1.3,1.3,1.3,1.0,,1.0722222222222222,0.2,,8.333333333333334,8.333333333333334,0.0265,2.061111111111111,2.061111111111111,2.1277777777777778,1.6944444444444444,3.2888888888888888,0.3185099581590578,1.0
2014,2,1.140495867768595,1.140495867768595,1.140495867768595,1.0,5.795454545454546,0.36363636363636365,5.235537190082645,0.17148760330578514,1.037190082644628,3.165289256198347,0.29958677685950413,0.0,3.409090909090909,0.34710743801652894,0.03305785123966942,,,,1.53099173553719,0.5371900826446281,1.9194214876033058,13.919421487603305,0.13429752066115702,0.0,0.014462809917355372,1.6797520661157024,,18.826446280991735,3.834710743801653,14.547520661157025,5.931818181818182,6.159090909090909,0.45661157024793386,,,,5.886363636363637,9.609504132231406,4.952479338842975,4.636363636363637,,,,,,1.3057851239669422,1.3057851239669422,1.3057851239669422,1.0,,1.0475206611570247,0.2066115702479339,,9.847107438016529,9.847107438016529,0.02797520661157023,2.270661157024793,2.270661157024793,2.3367768595041323,1.9194214876033058,3.152892561983471,0.2921351924631207,0.0
2014,3,1.2355769230769231,1.2355769230769231,1.2355769230769231,1.0,6.759615384615385,0.6201923076923077,5.875,0.25961538461538464,1.0528846153846154,3.0673076923076925,0.33653846153846156,0.0,3.326923076923077,0.34134615384615385,0.019230769230769232,,,,1.5817307692307692,0.7548076923076923,1.9807692307692308,13.98076923076923,0.07692307692307693,0.0,0.03365384615384615,1.8701923076923077,,18.639423076923077,3.9951923076923075,14.298076923076923,5.769230769230769,5.985576923076923,0.5,,,,5.990384615384615,9.721153846153847,5.019230769230769,4.769230769230769,,,,,,1.3605769230769231,1.3605769230769231,1.3605769230769231,1.0,,1.0721153846153846,0.2403846153846154,,15.240384615384615,15.240384615384615,0.024374999999999997,2.3365384615384617,2.3365384615384617,2.375,1.9807692307692308,3.1923076923076925,0.282984380347128,1.0
2014,4,1.1527777777777777,1.1527777777777777,1.1527777777777777,1.0,6.111111111111111,0.4351851851851852,5.37962962962963,0.25462962962962965,1.0462962962962963,3.1527777777777777,0.3101851851851852,0.0,3.361111111111111,0.33796296296296297,0.041666666666666664,,,,1.5694444444444444,0.6388888888888888,1.9351851851851851,13.935185185185185,0.14814814814814814,0.0,0.013888888888888888,1.7731481481481481,,18.546296296296298,3.8425925925925926,14.24074074074074,5.75462962962963,5.972222222222222,0.5648148148148148,,,,5.782407407407407,9.527777777777779,4.87962962962963,4.625,,,,,,1.3101851851851851,1.3101851851851851,1.3101851851851851,1.0,,1.0833333333333333,0.19907407407407407,,12.976851851851851,12.976851851851851,0.03689814814814815,2.300925925925926,2.300925925925926,2.3564814814814814,1.9351851851851851,3.185185185185185,0.3134933829571011,4.0
2014,5,1.1416666666666666,1.1416666666666666,1.1416666666666666,1.0,6.25,0.38333333333333336,5.475,0.24166666666666667,1.0166666666666666,2.966666666666667,0.325,0.0,3.9,0.24166666666666667,0.15,,,,1.625,0.5333333333333333,1.8833333333333333,13.883333333333333,0.24166666666666667,0.0,0.025,1.6833333333333333,,19.508333333333333,3.75,15.391666666666667,6.816666666666666,6.55,0.6666666666666666,,,,6.475,10.075,5.375,4.775,,,,,,1.2083333333333333,1.2083333333333333,1.2083333333333333,1.0,,1.05,0.14166666666666666,,11.058333333333334,11.058333333333334,0.04091666666666665,2.325,2.325,2.3583333333333334,1.8833333333333333,3.3,0.23599761140473544,1.0
2014,6,1.1203208556149733,1.1203208556149733,1.1203208556149733,1.0,5.836898395721925,0.3609625668449198,5.235294117647059,0.18449197860962566,1.0294117647058822,3.0267379679144386,0.27540106951871657,0.0,3.572192513368984,0.2967914438502674,0.05080213903743316,,,,1.5294117647058822,0.6256684491978609,1.8529411764705883,13.852941176470589,0.1443850267379679,0.0,0.013368983957219251,1.7112299465240641,,17.823529411764707,3.7085561497326203,13.807486631016042,5.877005347593583,5.681818181818182,0.4144385026737968,,,,5.505347593582887,9.082887700534759,4.823529411764706,4.232620320855615,,,,,,1.2540106951871657,1.2540106951871657,1.2540106951871657,1.0,,1.0748663101604279,0.17379679144385027,,10.88770053475936,10.88770053475936,0.0260427807486631,2.1871657754010694,2.1871657754010694,2.2406417112299466,1.8529411764705883,3.272727272727273,0.27493298559855395,1.0
2014,7,1.153061224489796,1.153061224489796,1.153061224489796,1.0,6.346938775510204,0.3979591836734694,5.612244897959184,0.336734693877551,1.0204081632653061,3.3877551020408165,0.3877551020408163,0.0,3.8979591836734695,0.2755102040816326,0.08163265306122448,,,,1.683673469387755,0.6530612244897959,2.0,14.0,0.3163265306122449,0.0,0.01020408163265306,1.7346938775510203,,19.418367346938776,3.9489795918367347,14.918367346938776,6.653061224489796,6.153061224489796,0.8571428571428571,,,,6.224489795918367,9.826530612244898,5.357142857142857,4.489795918367347,,,,,,1.2448979591836735,1.2448979591836735,1.2448979591836735,1.0,,1.0408163265306123,0.19387755102040816,,14.408163265306122,14.408163265306122,0.06214285714285713,2.2653061224489797,2.2653061224489797,2.3469387755102042,2.0,3.142857142857143,0.2418365768661624,3.0
2014,8,1.1162790697674418,1.1162790697674418,1.1162790697674418,1.0,6.127906976744186,0.313953488372093,5.6395348837209305,0.1511627906976744,1.0232558139534884,2.9069767441860463,0.23255813953488372,0.0,4.0,0.2558139534883721,0.08139534883720931,,,,1.4651162790697674,0.46511627906976744,1.744186046511628,13.744186046511627,0.1511627906976744,0.0,0.011627906976744186,1.5813953488372092,,17.790697674418606,3.546511627906977,14.011627906976743,5.3604651162790695,6.1976744186046515,0.313953488372093,,,,5.558139534883721,9.232558139534884,4.395348837209302,4.627906976744186,,,,,,1.313953488372093,1.313953488372093,1.313953488372093,1.0,,1.255813953488372,0.18604651162790697,,7.930232558139535,7.930232558139535,0.01953488372093023,2.116279069767442,2.116279069767442,2.1627906976744184,1.744186046511628,3.604651162790698,0.22788419497074713,2.0
2014,9,1.15,1.15,1.15,1.0,6.126923076923077,0.4230769230769231,5.5,0.18461538461538463,1.0384615384615385,3.0846153846153848,0.3423076923076923,0.0,3.746153846153846,0.3038461538461538,0.07307692307692308,,,,1.626923076923077,0.6615384615384615,1.9692307692307693,14.015384615384615,0.11923076923076924,0.0,0.015384615384615385,1.8346153846153845,,18.83076923076923,3.8807692307692307,14.680769230769231,5.957692307692308,6.223076923076923,0.4076923076923077,,,,6.019230769230769,9.846153846153847,5.038461538461538,4.776923076923077,,,,,,1.3423076923076922,1.3423076923076922,1.3423076923076922,1.0,,1.0884615384615384,0.22692307692307692,,12.146153846153846,12.146153846153846,0.023307692307692307,2.396153846153846,2.396153846153846,2.457692307692308,1.9846153846153847,3.3615384615384616,0.27340752663631024,1.0
2014,10,1.09375,1.09375,1.09375,1.0,5.510416666666667,0.2604166666666667,5.104166666666667,0.13541666666666666,1.0208333333333333,3.46875,1.0,0.0,8.4375,0.23958333333333334,0.052083333333333336,,,,1.7083333333333333,0.78125,1.96875,14.78125,0.34375,0.0,0.010416666666666666,1.6145833333333333,,18.104166666666668,3.5,14.395833333333334,6.125,6.020833333333333,0.28125,,,,5.958333333333333,9.447916666666666,4.9375,4.489583333333333,,,,,,1.1979166666666667,1.1979166666666667,1.1979166666666667,1.0,,1.0520833333333333,0.125,,9.166666666666666,9.166666666666666,0.017499999999999998,2.4895833333333335,2.4895833333333335,2.53125,2.2395833333333335,4.791666666666667,0.22982137937109656,5.0
2014,11,1.126865671641791,1.126865671641791,1.126865671641791,1.0,5.985074626865671,0.3582089552238806,5.380597014925373,0.22388059701492538,1.0298507462686568,3.126865671641791,0.30597014925373134,0.0,3.8059701492537314,0.30597014925373134,0.08208955223880597,,,,1.626865671641791,0.6044776119402985,1.9477611940298507,13.977611940298507,0.1417910447761194,0.0,0.014925373134328358,1.791044776119403,,18.70149253731343,3.791044776119403,14.5,5.888059701492537,6.119402985074627,0.47761194029850745,,,,5.8059701492537314,9.552238805970148,4.91044776119403,4.574626865671642,,,,,,1.2761194029850746,1.2761194029850746,1.2761194029850746,1.0,,1.0895522388059702,0.17164179104477612,,10.552238805970148,10.552238805970148,0.031492537313432836,2.343283582089552,2.343283582089552,2.4029850746268657,1.962686567164179,3.4029850746268657,0.27477893863906455,3.0
2014,12,1.1285714285714286,1.1285714285714286,1.1285714285714286,1.0,5.871428571428571,0.35714285714285715,5.314285714285714,0.18571428571428572,1.0285714285714285,2.9571428571428573,0.2571428571428571,0.0,3.4285714285714284,0.2857142857142857,0.1,,,,1.542857142857143,0.5428571428571428,1.8857142857142857,13.885714285714286,0.1,0.0,0.014285714285714285,1.7714285714285714,,18.02857142857143,3.6142857142857143,14.128571428571428,5.8428571428571425,5.957142857142857,0.4142857142857143,,,,5.742857142857143,9.371428571428572,4.857142857142857,4.485714285714286,,,,,,1.2714285714285714,1.2714285714285714,1.2714285714285714,1.0,,1.0571428571428572,0.17142857142857143,,9.742857142857142,9.742857142857142,0.026000000000000002,2.257142857142857,2.257142857142857,2.3142857142857145,1.8857142857142857,3.2857142857142856,0.2705384596091811,4.0
2015,1,1.096774193548387,1.096774193548387,1.096774193548387,1.0,5.258064516129032,0.27419354838709675,4.854838709677419,0.14516129032258066,1.0161290322580645,2.903225806451613,0.1935483870967742,0.0,3.903225806451613,0.25806451612903225,0.06451612903225806,,,,1.564516129032258,0.5161290322580645,1.8548387096774193,13.85483870967742,0.04838709677419355,0.0,0.016129032258064516,1.7903225806451613,,17.016129032258064,3.596774193548387,13.209677419354838,5.354838709677419,5.209677419354839,0.20967741935483872,,,,5.080645161290323,8.661290322580646,4.612903225806452,3.870967741935484,,,,,,1.1774193548387097,1.1774193548387097,1.1774193548387097,1.0,,1.0483870967741935,0.08064516129032258,,7.919354838709677,7.919354838709677,0.011612903225806452,2.225806451612903,2.225806451612903,2.2903225806451615,1.8548387096774193,3.6451612903225805,0.277187161143106,10.0
2015,2,1.1090225563909775,1.1090225563909775,1.1090225563909775,1.0,5.496240601503759,0.30451127819548873,4.984962406015038,0.22180451127819548,1.0714285714285714,3.1240601503759398,0.2706766917293233,0.0,3.56390977443609,0.2932330827067669,0.05639097744360902,,,,1.5488721804511278,0.6917293233082706,1.8984962406015038,13.898496240601503,0.08646616541353383,0.0037593984962406013,0.018796992481203006,1.7894736842105263,,18.69172932330827,3.9210526315789473,14.30451127819549,5.87593984962406,5.921052631578948,0.5225563909774437,,,,5.62781954887218,9.43984962406015,4.977443609022556,4.409774436090226,,,,,,1.3082706766917294,1.3082706766917294,1.3082706766917294,1.0,,1.056390977443609,0.19172932330827067,,12.672932330827068,12.672932330827068,0.03308270676691729,2.31203007518797,2.31203007518797,2.3721804511278197,1.8984962406015038,3.3909774436090228,0.3485424324390462,10.0
2015,3,1.0689655172413792,1.0689655172413792,1.0689655172413792,1.0,4.568965517241379,0.1724137931034483,4.318965517241379,0.10344827586206896,1.043103448275862,2.6293103448275863,0.15086206896551724,0.0,3.6379310344827585,0.2413793103448276,0.03017241379310345,,,,1.3793103448275863,0.4525862068965517,1.6551724137931034,13.655172413793103,0.02586206896551724,0.0,0.008620689655172414,1.6206896551724137,,15.314655172413794,3.211206896551724,11.84051724137931,5.116379310344827,4.439655172413793,0.3275862068965517,,,,4.25,7.474137931034483,4.176724137931035,3.2629310344827585,,,,,,1.1637931034482758,1.1637931034482758,1.1637931034482758,1.0,,1.0517241379310345,0.10344827586206896,,7.025862068965517,7.025862068965517,0.022413793103448276,1.9310344827586208,1.9310344827586208,1.9655172413793103,1.6551724137931034,3.6293103448275863,0.42299770433886247,11.0
2015,4,1.054054054054054,1.054054054054054,1.054054054054054,1.0,5.27027027027027,0.0,5.0,0.10810810810810811,1.0,3.0,0.08108108108108109,0.0,3.7567567567567566,0.8378378378378378,0.05405405405405406,,,,1.0,0.10810810810810811,1.1081081081081081,13.108108108108109,0.0,0.0,0.0,1.0,,18.27027027027027,4.135135135135135,11.64864864864865,4.756756756756757,4.1891891891891895,2.945945945945946,,,,3.918918918918919,6.4324324324324325,4.4324324324324325,2.5675675675675675,,,,,,1.054054054054054,1.054054054054054,1.054054054054054,1.0,,1.054054054054054,0.05405405405405406,,0.0,0.0,0.26189189189189194,2.0,2.0,2.0,1.1081081081081081,3.6486486486486487,0.10030624824657124,19.0
2015,5,1.1590909090909092,1.1590909090909092,1.1590909090909092,1.0,5.159090909090909,0.3409090909090909,4.5,0.2727272727272727,1.0681818181818181,3.1818181818181817,0.22727272727272727,0.0,3.590909090909091,0.7045454545454546,0.22727272727272727,,,,1.2272727272727273,0.3181818181818182,1.9318181818181819,13.931818181818182,0.0,0.3181818181818182,0.022727272727272728,1.5909090909090908,,25.75,5.795454545454546,16.75,6.431818181818182,7.886363636363637,2.9545454545454546,,,,6.659090909090909,11.068181818181818,5.613636363636363,5.340909090909091,,,,,,1.5,1.5,1.5,1.1363636363636365,,1.0454545454545454,0.29545454545454547,,8.545454545454545,8.545454545454545,0.03613636363636363,3.0681818181818183,3.0681818181818183,3.0681818181818183,2.0681818181818183,3.0454545454545454,0.29006744143598645,11.0
2015,6,1.086092715231788,1.086092715231788,1.086092715231788,0.9867549668874173,5.175496688741722,0.26158940397350994,4.76158940397351,0.18211920529801323,1.0695364238410596,3.0827814569536423,0.28807947019867547,0.0,3.794701986754967,0.32450331125827814,0.052980132450331126,,,,1.4304635761589404,0.6887417218543046,1.728476821192053,13.754966887417218,0.052980132450331126,0.0,0.019867549668874173,1.6556291390728477,,17.751655629139073,3.7549668874172184,13.586092715231787,5.625827814569536,5.440397350993377,0.44370860927152317,,,,5.185430463576159,8.781456953642385,4.7218543046357615,3.980132450331126,,,,,,1.2384105960264902,1.2384105960264902,1.2384105960264902,0.9867549668874173,,1.0397350993377483,0.152317880794702,,10.483443708609272,10.483443708609272,0.026158940397350998,2.165562913907285,2.165562913907285,2.218543046357616,1.781456953642384,3.4503311258278146,0.34762894553533363,17.0
2015,7,1.1081081081081081,1.1081081081081081,1.1081081081081081,0.972972972972973,6.54054054054054,0.581081081081081,5.594594594594595,0.32432432432432434,1.054054054054054,3.4054054054054053,0.33783783783783783,0.0,7.027027027027027,0.4189189189189189,0.16216216216216217,,,,1.4054054054054055,0.7432432432432432,1.8783783783783783,13.878378378378379,0.04054054054054054,0.05405405405405406,0.04054054054054054,1.662162162162162,,23.324324324324323,5.202702702702703,17.445945945945947,7.054054054054054,8.621621621621621,0.918918918918919,,,,7.621621621621622,11.756756756756756,5.8108108108108105,5.783783783783784,,,,,,1.2972972972972974,1.2972972972972974,1.2972972972972974,0.972972972972973,,1.0405405405405406,0.24324324324324326,,12.91891891891892,11.675675675675675,0.040135135135135135,2.7837837837837838,2.7837837837837838,2.8378378378378377,2.175675675675676,6.027027027027027,0.3417224853641147,26.0
2015,8,1.048780487804878,1.048780487804878,1.048780487804878,0.975609756097561,5.512195121951219,0.35365853658536583,4.829268292682927,0.2682926829268293,1.0731707317073171,3.1707317073170733,0.32926829268292684,0.0,3.7804878048780486,0.2804878048780488,0.07317073170731707,,,,1.5121951219512195,0.7682926829268293,1.7682926829268293,13.768292682926829,0.036585365853658534,0.0,0.036585365853658534,1.7195121951219512,,18.878048780487806,4.134146341463414,14.304878048780488,5.975609756097561,6.048780487804878,0.6585365853658537,,,,5.7560975609756095,9.390243902439025,4.853658536585366,4.634146341463414,,,,,,1.2195121951219512,1.2195121951219512,1.2195121951219512,0.975609756097561,,1.0365853658536586,0.17073170731707318,,11.365853658536585,11.365853658536585,0.0325609756097561,2.4878048780487805,2.4878048780487805,2.5365853658536586,2.1341463414634148,3.731707317073171,0.397134112980341,36.0
2015,9,1.7828282828282829,1.7828282828282829,1.7828282828282829,0.98989898989899,18.338383838383837,1.7171717171717171,11.626262626262626,4.747474747474747,1.0454545454545454,7.747474747474747,0.3888888888888889,0.0,3.04040404040404,1.3181818181818181,0.6717171717171717,,,,1.5252525252525253,0.7575757575757576,2.8434343434343434,14.843434343434344,0.020202020202020204,0.5454545454545454,0.050505050505050504,2.2323232323232323,,75.66666666666667,10.434343434343434,43.04040404040404,11.52020202020202,28.81313131313131,22.494949494949495,,,,24.065656565656564,31.51010101010101,11.191919191919192,20.51010101010101,,,,,,2.7676767676767677,2.7676767676767677,2.7676767676767677,0.98989898989899,,1.0808080808080809,0.7929292929292929,,28.964646464646464,28.964646464646464,0.29601010101010095,6.41919191919192,6.41919191919192,6.459595959595959,3.1414141414141414,2.919191919191919,0.22507060483474894,23.0
2015,10,1.2755102040816326,1.2755102040816326,1.2755102040816326,1.0,8.408163265306122,0.5,6.438775510204081,1.010204081632653,1.030612244897959,4.775510204081633,0.30612244897959184,0.0,3.8979591836734695,0.5306122448979592,0.15306122448979592,,,,1.6734693877551021,0.673469387755102,2.816326530612245,14.816326530612244,0.030612244897959183,0.3163265306122449,0.02040816326530612,2.2448979591836733,,48.326530612244895,7.418367346938775,30.183673469387756,9.653061224489797,18.102040816326532,7.6938775510204085,,,,15.33673469387755,21.510204081632654,8.908163265306122,12.622448979591837,,,,,,1.7040816326530612,1.7040816326530612,1.7040816326530612,1.0,,1.0408163265306123,0.3673469387755102,,17.897959183673468,16.6734693877551,0.13367346938775507,4.989795918367347,4.989795918367347,5.071428571428571,2.9591836734693877,3.795918367346939,0.29622578557416374,23.0
2015,11,1.023076923076923,1.023076923076923,1.023076923076923,1.0,4.530769230769231,0.13076923076923078,4.223076923076923,0.13846153846153847,1.023076923076923,2.330769230769231,0.16153846153846155,0.0,7.3538461538461535,0.3076923076923077,0.038461538461538464,,,,1.4923076923076923,0.46153846153846156,1.9,13.9,0.06923076923076923,0.06153846153846154,0.046153846153846156,1.7230769230769232,,17.084615384615386,3.376923076923077,13.361538461538462,5.546153846153846,5.361538461538461,0.5153846153846153,,,,4.569230769230769,8.092307692307692,4.384615384615385,3.6384615384615384,,,,,,1.1,1.1,1.1,1.0,,1.1153846153846154,0.09230769230769231,,7.7,7.546153846153846,0.02407692307692308,2.2384615384615385,2.2384615384615385,2.269230769230769,2.0076923076923077,5.615384615384615,0.27693206194275954,18.0
2015,12,1.2358490566037736,1.2358490566037736,1.2358490566037736,1.0,8.518867924528301,0.6320754716981132,6.566037735849057,1.0566037735849056,1.0660377358490567,4.4245283018867925,0.330188679245283,0.0,3.8679245283018866,0.6792452830188679,0.12264150943396226,,,,1.6226415094339623,0.7924528301886793,2.5754716981132075,14.575471698113208,0.02830188679245283,0.3584905660377358,0.03773584905660377,2.0754716981132075,,46.301886792452834,7.349056603773585,30.20754716981132,8.915094339622641,18.235849056603772,7.716981132075472,,,,15.264150943396226,21.37735849056604,8.122641509433961,13.273584905660377,,,,,,1.7452830188679245,1.7452830188679245,1.7452830188679245,1.0,,1.0660377358490567,0.39622641509433965,,16.556603773584907,16.10377358490566,0.09254716981132075,4.820754716981132,4.820754716981132,4.8584905660377355,2.80188679245283,3.6037735849056602,0.30080242857608985,24.0
2016,1,1.2254901960784315,1.2254901960784315,1.2254901960784315,1.0,7.578431372549019,0.45098039215686275,5.892156862745098,1.0098039215686274,1.0196078431372548,4.029411764705882,0.21568627450980393,0.0,3.9019607843137254,0.8529411764705882,0.0784313725490196,,,,1.2647058823529411,0.4803921568627451,2.3627450980392157,14.362745098039216,0.029411764705882353,0.37254901960784315,0.0196078431372549,1.8627450980392157,,43.07843137254902,6.529411764705882,27.69607843137255,7.970588235294118,16.735294117647058,7.784313725490196,,,,14.019607843137255,19.637254901960784,7.372549019607843,12.303921568627452,,,,,,1.6764705882352942,1.6764705882352942,1.6764705882352942,1.0,,1.0490196078431373,0.3137254901960784,,11.617647058823529,11.147058823529411,0.08715686274509804,4.392156862745098,4.392156862745098,4.431372549019608,2.4607843137254903,3.450980392156863,0.24437904176363498,27.0
2016,2,1.0729166666666667,1.0729166666666667,1.0729166666666667,1.0,5.510416666666667,0.23958333333333334,4.885416666666667,0.3541666666666667,1.03125,2.9427083333333335,0.3020833333333333,0.0,5.572916666666667,0.359375,0.052083333333333336,,,,1.6458333333333333,0.671875,2.0885416666666665,14.088541666666666,0.03125,0.0625,0.03125,1.9114583333333333,,23.255208333333332,4.588541666666667,17.166666666666668,6.302083333333333,7.859375,1.6979166666666667,,,,7.041666666666667,11.276041666666666,5.333333333333333,5.994791666666667,,,,,,1.25,1.25,1.25,1.0,,1.03125,0.17708333333333334,,10.354166666666666,10.354166666666666,0.03197916666666668,2.9739583333333335,2.9739583333333335,3.015625,2.2552083333333335,4.53125,0.3354073989075641,33.0
2016,3,1.2307692307692308,1.2307692307692308,1.2307692307692308,1.0,11.807692307692308,0.7692307692307693,8.576923076923077,1.8461538461538463,1.0,5.0,0.7692307692307693,0.0,7.153846153846154,0.8461538461538461,0.0,,,,2.0,1.3076923076923077,2.730769230769231,14.73076923076923,0.15384615384615385,0.46153846153846156,0.19230769230769232,1.9230769230769231,,62.96153846153846,10.807692307692308,41.65384615384615,12.307692307692308,27.192307692307693,10.692307692307692,,,,22.73076923076923,30.653846153846153,10.961538461538462,21.03846153846154,,,,,,1.8846153846153846,1.8846153846153846,1.8846153846153846,1.0,,1.0384615384615385,0.7692307692307693,,20.03846153846154,20.03846153846154,0.08807692307692308,7.038461538461538,7.038461538461538,7.038461538461538,4.615384615384615,6.0,0.1337495012376286,38.0
2016,4,1.631578947368421,1.631578947368421,1.631578947368421,1.0,14.368421052631579,1.131578947368421,9.526315789473685,3.3684210526315788,1.0,7.973684210526316,0.34210526315789475,0.0,8.421052631578947,2.1052631578947367,0.15789473684210525,,,,1.5,0.4473684210526316,3.5789473684210527,15.789473684210526,0.23684210526315788,1.3421052631578947,0.0,1.9473684210526316,,107.02631578947368,14.157894736842104,65.71052631578948,14.210526315789474,45.86842105263158,26.55263157894737,,,,36.68421052631579,47.28947368421053,13.868421052631579,33.421052631578945,,,,,,2.8947368421052633,2.8947368421052633,2.8947368421052633,1.0,,1.0789473684210527,0.7368421052631579,,11.921052631578947,11.921052631578947,0.17684210526315788,9.394736842105264,9.394736842105264,9.394736842105264,3.8421052631578947,5.421052631578948,0.19195469425529754,30.0
2016,5,1.1954022988505748,1.1954022988505748,1.206896551724138,1.0,7.195402298850575,0.41379310344827586,5.793103448275862,0.9137931034482759,1.0114942528735633,3.9655172413793105,0.28160919540229884,0.0,5.620689655172414,0.7183908045977011,0.12643678160919541,,,,1.5862068965517242,0.6839080459770115,2.339080459770115,14.385057471264368,0.08045977011494253,0.3735632183908046,0.022988505747126436,1.8160919540229885,,42.94827586206897,6.850574712643678,28.913793103448278,8.25287356321839,17.396551724137932,7.206896551724138,,,,14.442528735632184,20.229885057471265,7.448275862068965,12.758620689655173,,,,,,1.6436781609195403,1.6436781609195403,1.7126436781609196,1.0,,1.0517241379310345,0.28735632183908044,,10.988505747126437,10.724137931034482,0.05637931034482759,4.505747126436781,4.505747126436781,4.620689655172414,2.5229885057471266,4.655172413793103,0.3167140709801715,27.0
2016,6,1.5526315789473684,1.5526315789473684,1.5526315789473684,1.0,26.517543859649123,4.982456140350878,17.87719298245614,3.3508771929824563,1.0087719298245614,4.7105263157894735,0.32456140350877194,0.0,4.350877192982456,1.719298245614035,0.05263157894736842,,,,1.368421052631579,0.3684210526315789,3.1491228070175437,15.149122807017545,0.043859649122807015,0.2982456140350877,0.017543859649122806,2.736842105263158,,97.28947368421052,17.228070175438596,64.04385964912281,11.824561403508772,50.69298245614035,16.13157894736842,,,,23.30701754385965,32.44736842105263,11.482456140350877,20.982456140350877,,,,,,3.736842105263158,3.736842105263158,3.736842105263158,1.0,,1.043859649122807,1.0,,6.491228070175438,6.491228070175438,0.11166666666666665,7.140350877192983,7.140350877192983,7.175438596491228,3.307017543859649,3.754385964912281,0.21975686664902336,28.0
2016,7,1.0269230769230768,1.0269230769230768,1.0269230769230768,1.0,4.915384615384616,0.12307692307692308,4.484615384615385,0.23461538461538461,1.0115384615384615,2.9461538461538463,0.25769230769230766,0.0,4.076923076923077,0.2692307692307692,0.057692307692307696,,,,1.626923076923077,0.6076923076923076,1.9038461538461537,13.903846153846153,0.06923076923076923,0.0,0.026923076923076925,1.7692307692307692,,18.7,4.042307692307692,14.13076923076923,5.869230769230769,5.638461538461539,0.5884615384615385,,,,5.265384615384615,8.984615384615385,4.838461538461538,4.184615384615385,,,,,,1.1153846153846154,1.1153846153846154,1.1153846153846154,1.0,,1.0461538461538462,0.13846153846153847,,9.061538461538461,9.061538461538461,0.034038461538461545,2.4923076923076923,2.4923076923076923,2.5538461538461537,2.1153846153846154,3.8230769230769233,0.3326451502881077,16.0
2016,8,1.0294117647058822,1.0294117647058822,1.0294117647058822,1.0,4.8786764705882355,0.20588235294117646,4.338235294117647,0.23529411764705882,1.0110294117647058,2.7095588235294117,0.2977941176470588,0.0,5.330882352941177,0.2426470588235294,0.03676470588235294,,,,1.6948529411764706,0.6948529411764706,1.9852941176470589,13.985294117647058,0.04411764705882353,0.011029411764705883,0.014705882352941176,1.8235294117647058,,18.69485294117647,4.011029411764706,13.996323529411764,6.044117647058823,5.1875,0.6507352941176471,,,,5.147058823529412,8.705882352941176,4.764705882352941,3.8933823529411766,,,,,,1.1102941176470589,1.1102941176470589,1.1102941176470589,1.0,,1.0183823529411764,0.10661764705882353,,9.525735294117647,9.525735294117647,0.029375,2.448529411764706,2.448529411764706,2.4779411764705883,2.1580882352941178,4.823529411764706,0.28721538966967736,28.0
2016,9,1.1271186440677967,1.1271186440677967,1.1271186440677967,1.0084745762711864,7.0,0.7288135593220338,5.661016949152542,0.5084745762711864,1.0,2.9661016949152543,0.3728813559322034,0.0,5.576271186440678,0.3389830508474576,0.1016949152542373,,,,1.9067796610169492,0.7627118644067796,2.3389830508474576,14.491525423728813,0.025423728813559324,0.03389830508474576,0.0,2.194915254237288,,32.983050847457626,6.406779661016949,23.449152542372882,7.296610169491525,12.974576271186441,2.7796610169491527,,,,8.754237288135593,14.135593220338983,6.610169491525424,7.4576271186440675,,,,,,1.5932203389830508,1.5932203389830508,1.5932203389830508,1.0254237288135593,,1.0423728813559323,0.2457627118644068,,6.728813559322034,6.728813559322034,0.031271186440677966,3.805084745762712,3.805084745762712,3.8389830508474576,2.516949152542373,5.220338983050848,0.2607381462643079,23.0
2016,10,2.0833333333333335,2.0833333333333335,2.0833333333333335,1.0416666666666667,31.916666666666668,5.833333333333333,22.083333333333332,3.6666666666666665,1.0,6.375,0.375,0.0,5.083333333333333,2.375,0.125,,,,2.375,0.7916666666666666,5.291666666666667,17.291666666666668,0.041666666666666664,0.4583333333333333,0.125,4.375,,167.70833333333334,26.5,113.70833333333333,19.833333333333332,90.25,26.541666666666668,,,,43.166666666666664,62.625,22.625,40.041666666666664,,,,,,5.541666666666667,5.541666666666667,5.625,1.125,,1.0833333333333333,1.1666666666666667,,24.958333333333332,23.708333333333332,0.1958333333333333,14.25,14.25,14.375,5.5,3.6666666666666665,0.10230340596172027,17.0
2016,11,1.0,1.0,1.0,1.0,4.552631578947368,0.18421052631578946,4.25,0.02631578947368421,1.0,2.8157894736842106,0.631578947368421,0.0,6.947368421052632,0.07894736842105263,0.05263157894736842,,,,2.013157894736842,0.9210526315789473,2.1052631578947367,14.394736842105264,0.11842105263157894,0.013157894736842105,0.0,1.9210526315789473,,20.710526315789473,4.4605263157894735,15.605263157894736,6.907894736842105,5.565789473684211,0.5263157894736842,,,,5.828947368421052,9.552631578947368,5.315789473684211,4.078947368421052,,,,,,1.0394736842105263,1.0394736842105263,1.0394736842105263,1.0,,1.013157894736842,0.06578947368421052,,8.421052631578947,8.421052631578947,0.02315789473684211,2.763157894736842,2.763157894736842,2.789473684210526,2.3947368421052633,6.052631578947368,0.25095208460501234,23.0
2016,12,1.6956521739130435,1.6956521739130435,1.6956521739130435,1.0217391304347827,20.467391304347824,3.119565217391304,14.75,2.4347826086956523,1.0,4.739130434782608,0.4673913043478261,0.0,4.413043478260869,2.75,0.043478260869565216,,,,1.8478260869565217,0.7608695652173914,4.608695652173913,16.67391304347826,0.010869565217391304,0.16304347826086957,0.0,4.369565217391305,,152.70652173913044,19.141304347826086,112.46739130434783,20.456521739130434,88.54347826086956,20.91304347826087,,,,38.91304347826087,60.08695652173913,22.554347826086957,37.358695652173914,,,,,,3.402173913043478,3.402173913043478,3.402173913043478,1.065217391304348,,1.0108695652173914,0.6413043478260869,,8.58695652173913,8.58695652173913,0.05782608695652174,15.217391304347826,15.217391304347826,15.673913043478262,4.815217391304348,4.239130434782608,0.2230223578003308,18.0
2017,1,1.2526315789473683,1.2526315789473683,1.2526315789473683,1.0078947368421052,10.197368421052632,1.2657894736842106,7.894736842105263,0.9184210526315789,1.0,3.3710526315789475,0.45263157894736844,0.0,5.247368421052632,1.0657894736842106,0.05263157894736842,,,,2.094736842105263,0.9657894736842105,3.181578947368421,15.281578947368422,0.031578947368421054,0.07631578947368421,0.0,2.981578947368421,,68.71315789473684,10.028947368421052,50.5921052631579,11.794736842105262,35.507894736842104,7.847368421052631,,,,17.839473684210525,28.04736842105263,11.8,16.20263157894737,,,,,,1.9026315789473685,1.9026315789473685,1.9026315789473685,1.0236842105263158,,1.0105263157894737,0.24736842105263157,,11.9,11.9,0.0333421052631579,7.307894736842106,7.307894736842106,7.4868421052631575,3.418421052631579,4.88421052631579,0.22733154526478155,31.0
2017,2,2.2,2.2,2.2,1.0,23.385714285714286,2.3142857142857145,18.414285714285715,2.4285714285714284,1.0,7.985714285714286,0.11428571428571428,0.0,25.8,5.085714285714285,0.6285714285714286,,,,0.8857142857142857,0.2857142857142857,6.771428571428571,19.02857142857143,0.0,0.6857142857142857,0.0,5.2,,261.64285714285717,36.42857142857143,186.7,33.5,153.4142857142857,38.08571428571429,,,,70.44285714285714,102.21428571428571,35.457142857142856,65.24285714285715,,,,,,5.314285714285714,5.314285714285714,5.314285714285714,1.0,,1.0,1.4285714285714286,,11.685714285714285,4.628571428571429,0.13885714285714287,23.87142857142857,23.87142857142857,24.442857142857143,7.0,20.02857142857143,0.05268343705799746,28.0
2017,3,1.0,1.0,1.0,1.0,5.0,0.12264150943396226,4.773584905660377,0.03773584905660377,1.0,3.7169811320754715,0.8584905660377359,0.0,45.0377358490566,0.07547169811320754,0.32075471698113206,,,,2.481132075471698,0.8679245283018868,3.0377358490566038,15.235849056603774,0.009433962264150943,0.009433962264150943,0.0,2.669811320754717,,42.31132075471698,7.0754716981132075,30.849056603773583,11.89622641509434,13.68867924528302,2.452830188679245,,,,11.169811320754716,17.79245283018868,8.849056603773585,8.443396226415095,,,,,,1.3113207547169812,1.3113207547169812,1.3113207547169812,1.0,,1.009433962264151,0.3113207547169811,,8.537735849056604,5.566037735849057,0.03952830188679245,4.377358490566038,4.377358490566038,4.39622641509434,3.5849056603773586,29.0,0.18407661200891282,23.0
2017,4,1.180327868852459,1.180327868852459,1.180327868852459,1.0,8.147540983606557,0.30327868852459017,6.942622950819672,0.7704918032786885,1.0,4.319672131147541,0.9590163934426229,0.0,60.704918032786885,0.2459016393442623,0.26229508196721313,,,,2.2459016393442623,0.5737704918032787,3.1475409836065573,15.540983606557377,0.26229508196721313,0.12295081967213115,0.0,2.098360655737705,,61.63934426229508,10.934426229508198,39.540983606557376,12.852459016393443,25.81967213114754,9.557377049180328,,,,16.81967213114754,22.81967213114754,10.262295081967213,12.19672131147541,,,,,,1.6639344262295082,1.6639344262295082,1.6967213114754098,1.0,,1.0081967213114753,0.3524590163934426,,7.549180327868853,6.360655737704918,0.1162295081967213,4.483606557377049,4.483606557377049,4.639344262295082,3.418032786885246,27.770491803278688,0.17539760230468457,34.0
2017,5,1.44,1.44,1.44,1.0,13.93,1.91,8.68,2.66,1.0,5.93,1.92,0.0,132.28,0.2,0.65,,,,2.24,0.17,2.95,16.53,0.95,0.0,0.0,0.96,,48.56,8.02,29.93,13.51,15.89,12.07,,,,14.58,19.86,11.4,9.96,,,,,,1.88,1.88,1.88,1.0,,1.17,0.4,,0.0,0.0,0.4057,4.44,4.44,4.46,3.07,59.86,0.038301021962236795,18.0
2017,6,1.125,1.125,1.125,1.0,6.526785714285714,0.25,5.125,0.6696428571428571,1.0,3.767857142857143,0.09821428571428571,0.0,22.142857142857142,0.17857142857142858,0.044642857142857144,,,,1.5892857142857142,0.8660714285714286,2.1339285714285716,14.910714285714286,0.0,0.08928571428571429,0.0,1.5,,43.392857142857146,7.607142857142857,27.071428571428573,9.901785714285714,15.625,10.330357142857142,,,,11.044642857142858,15.776785714285714,7.785714285714286,8.366071428571429,,,,,,1.5535714285714286,1.5535714285714286,1.5892857142857142,1.0,,1.0,0.21428571428571427,,4.526785714285714,2.5535714285714284,0.4584821428571431,3.6875,3.6875,3.7410714285714284,2.580357142857143,21.696428571428573,0.06025214114091197,15.0
2017,7,1.0,1.0,1.0,1.0,4.976744186046512,0.29069767441860467,4.087209302325581,0.32558139534883723,1.0,3.1686046511627906,0.4127906976744186,0.0,5.441860465116279,0.20348837209302326,0.05232558139534884,,,,1.8430232558139534,0.7383720930232558,2.0348837209302326,14.279069767441861,0.011627906976744186,0.011627906976744186,0.0,1.930232558139535,,21.441860465116278,4.819767441860465,14.994186046511627,6.72093023255814,5.441860465116279,0.9302325581395349,,,,5.651162790697675,9.366279069767442,5.401162790697675,3.7674418604651163,,,,,,1.0348837209302326,1.0348837209302326,1.0348837209302326,1.0,,1.0116279069767442,0.03488372093023256,,8.720930232558139,6.8604651162790695,0.03029069767441861,2.552325581395349,2.552325581395349,2.552325581395349,2.238372093023256,5.127906976744186,0.24581464175667175,26.0
2017,8,1.5543478260869565,1.5543478260869565,1.5543478260869565,1.0,17.23913043478261,2.1630434782608696,11.717391304347826,2.869565217391304,1.0,5.586956521739131,0.5,0.0,4.543478260869565,4.336956521739131,0.06521739130434782,,,,1.576086956521739,0.6847826086956522,5.967391304347826,18.032608695652176,0.010869565217391304,0.1956521739130435,0.0,5.684782608695652,,175.32608695652175,19.82608695652174,126.68478260869566,24.130434782608695,98.72826086956522,28.391304347826086,,,,41.57608695652174,65.25,25.630434782608695,39.48913043478261,,,,,,2.989130434782609,2.989130434782609,2.989130434782609,1.0434782608695652,,1.0108695652173914,0.6195652173913043,,7.065217391304348,5.326086956521739,0.10956521739130437,17.25,17.25,17.57608695652174,6.239130434782608,4.043478260869565,0.18052278401277308,14.0
2017,9,1.4574468085106382,1.4574468085106382,1.4574468085106382,1.0,12.872340425531915,1.4680851063829787,9.51063829787234,1.4574468085106382,1.0,4.957446808510638,0.5319148936170213,0.0,4.957446808510638,4.808510638297872,0.11702127659574468,,,,1.8936170212765957,0.7340425531914894,6.787234042553192,18.893617021276597,0.010638297872340425,0.22340425531914893,0.0,6.361702127659575,,194.40425531914894,21.77659574468085,141.41489361702128,26.47872340425532,110.2872340425532,30.861702127659573,,,,47.03191489361702,73.90425531914893,28.43617021276596,45.38297872340426,,,,,,3.276595744680851,3.276595744680851,3.276595744680851,1.1063829787234043,,1.0106382978723405,0.6170212765957447,,7.872340425531915,7.627659574468085,0.0854255319148936,19.53191489361702,19.53191489361702,19.904255319148938,7.0638297872340425,4.51063829787234,0.20378537769174074,21.0
2017,10,1.4924242424242424,1.4924242424242424,1.4924242424242424,1.0909090909090908,15.840909090909092,1.8863636363636365,11.522727272727273,2.803030303030303,1.0,5.037878787878788,0.5227272727272727,0.0,14.242424242424242,3.787878787878788,0.2727272727272727,,,,1.6363636363636365,0.6212121212121212,5.666666666666667,18.12121212121212,0.05303030303030303,0.23484848484848486,0.0,5.090909090909091,,161.2651515151515,17.71212121212121,116.5909090909091,23.37878787878788,90.78787878787878,26.75,,,,41.81818181818182,63.78787878787879,24.75,39.02272727272727,,,,,,2.696969696969697,2.696969696969697,2.696969696969697,1.106060606060606,,1.143939393939394,0.6136363636363636,,14.606060606060606,10.0,0.1745454545454546,16.28787878787879,16.28030303030303,16.553030303030305,6.015151515151516,13.969696969696969,0.16889636688289325,24.0
2017,11,1.32,1.32,1.32,1.02,15.275,1.815,11.56,2.27,1.0,4.68,0.585,0.0,10.11,2.06,0.305,,,,1.65,0.575,4.045,16.195,0.125,0.13,0.0,3.555,,105.2,13.55,74.745,17.22,55.9,16.6,,,,30.995,44.615,17.565,27.0,,,,,,2.165,2.165,2.165,1.03,,1.045,0.665,,12.66,6.665,0.15554999999999997,10.665,10.665,10.815,4.585,9.26,0.11647306446969562,35.0
2017,12,1.6578947368421053,1.6578947368421053,1.6578947368421053,1.0,31.157894736842106,4.657894736842105,23.31578947368421,3.6842105263157894,1.0,9.078947368421053,0.7631578947368421,0.0,15.578947368421053,9.263157894736842,0.39473684210526316,,,,1.3421052631578947,0.42105263157894735,11.947368421052632,24.13157894736842,0.15789473684210525,0.868421052631579,0.631578947368421,9.657894736842104,,403.13157894736844,43.81578947368421,283.89473684210526,52.86842105263158,228.8421052631579,71.73684210526316,,,,103.44736842105263,156.23684210526315,59.31578947368421,97.44736842105263,,,,,,5.394736842105263,5.394736842105263,5.394736842105263,1.0526315789473684,,1.4736842105263157,1.4736842105263157,,46.3421052631579,40.86842105263158,0.3655263157894737,39.3421052631579,39.3421052631579,40.05263157894737,12.763157894736842,9.263157894736842,0.013927593691497597,18.0
2018,1,1.0108695652173914,1.0108695652173914,1.0108695652173914,1.0,5.326086956521739,0.2717391304347826,4.423913043478261,0.33695652173913043,1.0,3.369565217391304,0.5978260869565217,0.0,8.26086956521739,0.10869565217391304,0.08695652173913043,,,,2.0217391304347827,0.8804347826086957,2.3260869565217392,14.554347826086957,0.05434782608695652,0.021739130434782608,0.0,2.097826086956522,,26.467391304347824,5.358695652173913,18.130434782608695,7.869565217391305,7.3478260869565215,2.097826086956522,,,,7.391304347826087,11.532608695652174,6.315217391304348,5.1521739130434785,,,,,,1.0978260869565217,1.0978260869565217,1.1195652173913044,1.0,,1.0326086956521738,0.07608695652173914,,11.26086956521739,8.293478260869565,0.06880434782608695,3.108695652173913,3.108695652173913,3.141304347826087,2.608695652173913,7.3478260869565215,0.22263559250187698,28.0
2018,2,3.7241379310344827,3.7241379310344827,3.7241379310344827,1.0689655172413792,47.01724137931034,6.706896551724138,32.87931034482759,7.172413793103448,1.0,11.96551724137931,0.43103448275862066,0.0,2.4482758620689653,17.724137931034484,0.5,,,,0.9827586206896551,0.13793103448275862,19.189655172413794,31.189655172413794,0.0,1.1379310344827587,0.0,18.051724137931036,,679.5,65.72413793103448,495.8448275862069,80.84482758620689,400.5344827586207,117.96551724137932,,,,168.41379310344828,263.91379310344826,93.17241379310344,170.67241379310346,,,,,,10.0,10.0,10.0,1.2758620689655173,,1.0,2.4482758620689653,,28.413793103448278,27.137931034482758,0.2539655172413793,71.05172413793103,71.05172413793103,72.32758620689656,20.017241379310345,2.1379310344827585,0.029664304605337265,23.0
2018,3,1.2421875,1.2421875,1.2421875,1.0078125,10.078125,0.98828125,7.80859375,1.109375,1.0,4.53515625,0.5859375,0.0,5.171875,3.95703125,0.125,,,,2.00390625,0.9296875,6.1640625,18.2109375,0.01171875,0.23828125,0.0,5.75390625,,160.5078125,17.63671875,116.96875,23.125,88.87109375,25.7421875,,,,39.7734375,62.71484375,24.203125,38.63671875,,,,,,2.50390625,2.50390625,2.53515625,1.1015625,,1.00390625,0.42578125,,16.09375,15.1875,0.06703124999999999,17.2734375,17.2734375,17.6171875,6.77734375,4.6875,0.20501481548505351,16.0
2018,4,1.0360360360360361,1.0360360360360361,1.0360360360360361,1.0,4.941441441441442,0.27927927927927926,4.31981981981982,0.22522522522522523,1.0,2.6036036036036037,0.28378378378378377,0.0,6.783783783783784,0.18018018018018017,0.13063063063063063,,,,1.7342342342342343,0.6351351351351351,2.1396396396396398,14.22072072072072,0.009009009009009009,0.04054054054054054,0.0,1.9009009009009008,,26.333333333333332,4.626126126126126,17.292792792792792,7.1891891891891895,7.90990990990991,3.59009009009009,,,,7.1891891891891895,11.117117117117116,5.900900900900901,5.04954954954955,,,,,,1.0990990990990992,1.0990990990990992,1.162162162162162,1.0,,1.0,0.06756756756756757,,8.936936936936936,8.306306306306306,0.19004504504504496,2.7612612612612613,2.7612612612612613,2.855855855855856,2.3423423423423424,4.918918918918919,0.2039519255438756,20.0
2018,5,1.2037037037037037,1.2037037037037037,1.2037037037037037,1.0,8.648148148148149,0.9537037037037037,6.796296296296297,0.8333333333333334,1.0,3.9074074074074074,0.5092592592592593,0.0,9.981481481481481,0.23148148148148148,0.8425925925925926,,,,1.8240740740740742,0.8148148148148148,2.2314814814814814,14.481481481481481,0.009259259259259259,0.018518518518518517,0.0,1.9537037037037037,,37.4537037037037,6.953703703703703,25.65740740740741,9.805555555555555,13.37037037037037,4.648148148148148,,,,11.61111111111111,17.314814814814813,8.462962962962964,8.75925925925926,,,,,,1.4166666666666667,1.4166666666666667,1.4351851851851851,1.0,,1.0,0.28703703703703703,,11.046296296296296,10.12962962962963,0.14638888888888887,3.25,3.25,3.2777777777777777,2.3981481481481484,6.814814814814815,0.17493931679931138,15.0
2018,6,1.3636363636363635,1.3636363636363635,1.3636363636363635,1.0075757575757576,11.280303030303031,1.1818181818181819,8.522727272727273,1.378787878787879,1.0,4.416666666666667,0.5454545454545454,0.0,7.363636363636363,4.128787878787879,0.11363636363636363,,,,1.8863636363636365,0.7803030303030303,6.181818181818182,18.386363636363637,0.022727272727272728,0.22727272727272727,0.0,5.712121212121212,,163.08333333333334,17.348484848484848,118.93939393939394,22.795454545454547,91.46969696969697,26.522727272727273,,,,39.96969696969697,62.96212121212121,23.856060606060606,39.32575757575758,,,,,,2.628787878787879,2.628787878787879,2.6893939393939394,1.1590909090909092,,1.0,0.4772727272727273,,14.674242424242424,13.477272727272727,0.08871212121212119,17.484848484848484,17.484848484848484,17.96969696969697,6.712121212121212,6.303030303030303,0.2285005471712006,17.0
2018,7,1.1724137931034482,1.1724137931034482,1.1724137931034482,1.0689655172413792,11.89655172413793,0.8620689655172413,8.327586206896552,2.3620689655172415,1.0,7.775862068965517,1.293103448275862,0.0,12.758620689655173,1.9655172413793103,1.9655172413793103,,,,0.6551724137931034,0.034482758620689655,3.0344827586206895,15.03448275862069,0.0,0.034482758620689655,0.0,2.7586206896551726,,69.72413793103448,9.913793103448276,42.60344827586207,18.517241379310345,25.56896551724138,17.46551724137931,,,,25.948275862068964,32.89655172413793,18.03448275862069,14.793103448275861,,,,,,1.9827586206896552,1.9827586206896552,2.0689655172413794,1.0689655172413792,,1.0,0.8793103448275862,,32.37931034482759,23.43103448275862,0.6268965517241379,4.586206896551724,4.586206896551724,4.706896551724138,3.103448275862069,4.068965517241379,0.08405523812788594,21.0
2018,8,2.1842105263157894,2.1842105263157894,2.1842105263157894,1.0263157894736843,26.394736842105264,3.263157894736842,18.526315789473685,4.2105263157894735,1.0,7.973684210526316,0.5789473684210527,0.0,12.736842105263158,13.894736842105264,0.5526315789473685,,,,1.368421052631579,0.2631578947368421,15.578947368421053,27.894736842105264,0.2631578947368421,0.7631578947368421,0.0,14.552631578947368,,508.89473684210526,46.86842105263158,371.6842105263158,61.421052631578945,298.5,90.15789473684211,,,,121.89473684210526,191.6578947368421,68.55263157894737,122.47368421052632,,,,,,6.2894736842105265,6.2894736842105265,6.657894736842105,1.5526315789473684,,1.1578947368421053,1.394736842105263,,24.55263157894737,23.605263157894736,0.2521052631578947,53.05263157894737,53.05263157894737,54.68421052631579,16.57894736842105,11.947368421052632,0.11870049654568855,17.0
2018,9,1.5083333333333333,1.475,1.575,1.075,14.008333333333333,1.3583333333333334,10.175,2.2333333333333334,1.0,6.791666666666667,0.7083333333333334,0.0,9.15,5.416666666666667,0.7416666666666667,,,,1.4916666666666667,0.6,7.041666666666667,19.091666666666665,0.058333333333333334,0.38333333333333336,0.0,6.425,,204.875,21.825,148.275,28.525,113.70833333333333,34.68333333333333,,,,53.975,83.13333333333334,30.716666666666665,52.2,,,,,,3.4,3.4,3.7666666666666666,1.5083333333333333,,1.0,0.9333333333333333,,22.6,19.516666666666666,0.16591666666666666,21.808333333333334,21.808333333333334,23.108333333333334,7.85,6.4,0.1711492378754264,12.0
2018,10,1.5675675675675675,1.5675675675675675,1.5675675675675675,1.135135135135135,15.91891891891892,1.635135135135135,11.256756756756756,2.5675675675675675,1.0,8.094594594594595,0.7162162162162162,0.0,15.45945945945946,6.783783783783784,0.6891891891891891,,,,1.7027027027027026,0.6756756756756757,8.445945945945946,20.486486486486488,0.13513513513513514,0.7162162162162162,0.0,7.283783783783784,,260.9864864864865,27.094594594594593,191.5810810810811,35.82432432432432,147.32432432432432,41.432432432432435,,,,68.35135135135135,105.14864864864865,38.5,65.41891891891892,,,,,,3.972972972972973,3.972972972972973,4.0,1.5135135135135136,,1.027027027027027,1.2027027027027026,,25.85135135135135,22.513513513513512,0.17229729729729729,26.716216216216218,26.716216216216218,27.35135135135135,9.324324324324325,10.513513513513514,0.10622904221009466,14.0
2018,11,1.3015873015873016,1.3015873015873016,1.3015873015873016,1.0634920634920635,13.055555555555555,0.7698412698412699,9.365079365079366,2.2301587301587302,1.0,8.785714285714286,0.8253968253968254,0.0,12.65079365079365,1.1349206349206349,0.9444444444444444,,,,1.9841269841269842,0.8809523809523809,3.0873015873015874,15.087301587301587,0.023809523809523808,0.5476190476190477,0.0,2.119047619047619,,64.27777777777777,9.706349206349206,42.5,14.658730158730158,28.03174603174603,10.912698412698413,,,,21.904761904761905,29.246031746031747,13.087301587301587,16.07936507936508,,,,,,2.380952380952381,2.380952380952381,2.4206349206349205,1.3492063492063493,,1.0,1.0,,27.928571428571427,23.444444444444443,0.21714285714285717,6.5,6.5,7.015873015873016,4.73015873015873,7.4603174603174605,0.10706575533097469,13.0
2018,12,1.2222222222222223,1.2222222222222223,1.2222222222222223,1.0,14.38888888888889,0.9444444444444444,10.11111111111111,2.2777777777777777,1.0,8.5,0.8888888888888888,0.0,16.555555555555557,0.8333333333333334,0.7222222222222222,,,,2.0555555555555554,0.8333333333333334,2.9444444444444446,14.944444444444445,0.0,0.4444444444444444,0.0,1.8888888888888888,,72.22222222222223,10.944444444444445,45.611111111111114,15.555555555555555,31.166666666666668,10.88888888888889,,,,23.833333333333332,31.88888888888889,14.11111111111111,18.38888888888889,,,,,,2.1666666666666665,2.1666666666666665,2.2222222222222223,1.2222222222222223,,1.0555555555555556,0.7222222222222222,,20.833333333333332,18.833333333333332,0.23999999999999996,6.388888888888889,6.388888888888889,7.0,4.611111111111111,8.333333333333334,0.07093855113867813,23.0
2019,1,1.5384615384615385,1.5384615384615385,1.5384615384615385,1.0,17.615384615384617,1.2307692307692308,10.576923076923077,4.730769230769231,1.0,10.153846153846153,0.9230769230769231,0.0,18.76923076923077,1.6923076923076923,0.23076923076923078,,,,0.7692307692307693,0.23076923076923078,2.8076923076923075,14.807692307692308,0.15384615384615385,0.0,0.0,2.0,,82.23076923076923,10.461538461538462,42.65384615384615,14.807692307692308,28.346153846153847,18.03846153846154,,,,24.0,30.46153846153846,12.384615384615385,18.23076923076923,,,,,,2.576923076923077,2.576923076923077,2.576923076923077,1.8461538461538463,,1.0,0.5384615384615384,,4.230769230769231,4.076923076923077,0.3765384615384615,6.115384615384615,6.115384615384615,6.1923076923076925,4.038461538461538,14.846153846153847,0.1177660438254867,18.0
2019,2,1.4090909090909092,1.4090909090909092,1.4090909090909092,1.0,15.0,0.9090909090909091,9.772727272727273,3.1363636363636362,1.0,8.5,0.8636363636363636,0.0,20.0,1.0909090909090908,0.5,,,,1.9545454545454546,0.9090909090909091,3.5454545454545454,15.818181818181818,0.0,0.045454545454545456,0.0,2.409090909090909,,92.36363636363636,12.590909090909092,50.5,17.545454545454547,33.36363636363637,17.40909090909091,,,,28.772727272727273,37.27272727272727,15.272727272727273,22.136363636363637,,,,,,2.6363636363636362,2.6363636363636362,2.727272727272727,1.7272727272727273,,1.0,0.6818181818181818,,18.954545454545453,15.5,0.3713636363636363,7.681818181818182,7.681818181818182,7.909090909090909,4.909090909090909,13.0,0.07426689211660453,19.0
2019,3,1.2054263565891472,1.2054263565891472,1.2054263565891472,1.0968992248062015,7.672480620155039,0.7577519379844961,5.967054263565892,0.7965116279069767,1.0,3.505813953488372,0.4883720930232558,0.0,5.941860465116279,0.1996124031007752,0.2189922480620155,,,,1.9825581395348837,0.9786821705426356,2.306201550387597,14.39922480620155,0.10077519379844961,0.046511627906976744,0.0,1.9748062015503876,,30.257751937984494,5.872093023255814,21.108527131782946,8.226744186046512,10.618217054263566,2.695736434108527,,,,9.031007751937985,13.244186046511627,6.666666666666667,6.455426356589148,,,,,,1.3410852713178294,1.3410852713178294,1.3410852713178294,1.1666666666666667,,1.0,0.16279069767441862,,9.606589147286822,9.224806201550388,0.04682170542635661,3.12015503875969,3.12015503875969,3.201550387596899,2.631782945736434,5.391472868217054,0.23784680769761907,20.0
2019,4,1.1692307692307693,1.1692307692307693,1.1692307692307693,1.0,9.4,0.7384615384615385,7.1692307692307695,1.2307692307692308,1.0,4.8307692307692305,0.7538461538461538,0.0,14.2,1.0153846153846153,0.27692307692307694,,,,1.7846153846153847,0.8384615384615385,3.1076923076923078,15.161538461538461,0.3153846153846154,0.13846153846153847,0.0,2.3153846153846156,,65.03076923076924,8.938461538461539,44.36153846153846,13.276923076923078,30.123076923076923,9.423076923076923,,,,19.546153846153846,27.353846153846153,11.715384615384615,15.592307692307692,,,,,,1.6923076923076923,1.6923076923076923,1.6923076923076923,1.2307692307692308,,1.0,0.3769230769230769,,10.915384615384616,10.023076923076923,0.12207692307692308,6.423076923076923,6.423076923076923,6.676923076923077,3.769230769230769,12.015384615384615,0.20016979806874946,17.0
2019,5,1.6,1.6,1.6,1.0,17.1,1.175,10.775,4.125,1.0,9.975,0.825,0.0,12.7,1.275,0.425,,,,1.225,0.925,3.175,15.175,0.35,0.125,0.0,1.825,,89.05,11.5,48.05,18.25,32.875,19.0,,,,27.525,34.3,14.4,20.075,,,,,,2.825,2.825,2.875,2.0,,1.0,0.725,,13.475,11.975,0.35150000000000003,7.025,7.025,7.35,4.875,11.2,0.16791297186496865,13.0
2019,6,1.5,1.5,1.58,1.0066666666666666,15.666666666666666,1.5866666666666667,11.046666666666667,2.82,1.0,6.786666666666667,0.5333333333333333,0.0,5.76,4.273333333333333,2.546666666666667,,,,3.3,0.9333333333333333,8.286666666666667,20.326666666666668,0.006666666666666667,0.66,0.0,6.886666666666667,,201.38666666666666,22.906666666666666,145.10666666666665,31.933333333333334,112.04666666666667,33.71333333333333,,,,56.946666666666665,83.94,32.21333333333333,51.57333333333333,,,,,,3.466666666666667,3.466666666666667,3.7733333333333334,1.14,,1.0,1.2466666666666666,,19.986666666666668,19.64,0.11613333333333342,21.0,21.0,22.066666666666666,8.693333333333333,4.8533333333333335,0.15476472148634454,25.0
2019,7,1.1142857142857143,1.1142857142857143,1.1142857142857143,1.0,7.785714285714286,0.2714285714285714,6.457142857142857,0.6285714285714286,1.0,8.657142857142857,0.5285714285714286,0.0,19.485714285714284,0.22857142857142856,5.5,,,,3.857142857142857,1.5285714285714285,7.1571428571428575,19.17142857142857,0.17142857142857143,0.2,0.0,3.9285714285714284,,82.61428571428571,12.857142857142858,58.5,23.62857142857143,35.18571428571428,10.071428571428571,,,,30.32857142857143,42.357142857142854,22.87142857142857,19.442857142857143,,,,,,2.6857142857142855,2.6857142857142855,2.7714285714285714,1.1142857142857143,,1.042857142857143,1.457142857142857,,36.44285714285714,33.15714285714286,0.20114285714285712,10.928571428571429,10.928571428571429,11.242857142857142,8.014285714285714,14.17142857142857,0.059986675035976426,16.0
2019,8,1.625,1.625,1.7361111111111112,1.0601851851851851,15.569444444444445,1.7222222222222223,11.541666666666666,2.064814814814815,1.0,6.87037037037037,0.4722222222222222,0.0,9.101851851851851,7.689814814814815,0.49074074074074076,,,,2.1574074074074074,0.8101851851851852,10.666666666666666,22.694444444444443,0.06018518518518518,0.46296296296296297,0.0,9.50462962962963,,308.4861111111111,31.15740740740741,228.03240740740742,40.0,177.13888888888889,49.2037037037037,,,,78.58333333333333,124.27777777777777,44.63425925925926,78.0925925925926,,,,,,4.231481481481482,4.231481481481482,4.842592592592593,1.337962962962963,,1.0,1.2222222222222223,,21.583333333333332,20.50462962962963,0.1381481481481481,35.101851851851855,34.620370370370374,37.24074074074074,11.61574074074074,8.787037037037036,0.13962654726409618,17.0
2019,9,1.278688524590164,1.278688524590164,1.3114754098360655,1.0450819672131149,10.938524590163935,0.9918032786885246,8.065573770491802,1.5081967213114753,1.0,4.840163934426229,0.4385245901639344,0.0,14.262295081967213,2.8114754098360657,0.29098360655737704,,,,2.3647540983606556,0.9672131147540983,5.745901639344262,17.766393442622952,0.04918032786885246,0.6475409836065574,0.0,4.372950819672131,,138.54918032786884,16.66393442622951,99.93032786885246,20.89344262295082,73.10655737704919,23.741803278688526,,,,36.442622950819676,56.385245901639344,21.524590163934427,34.381147540983605,,,,,,2.372950819672131,2.3688524590163933,2.5614754098360657,1.1680327868852458,,1.1147540983606556,0.610655737704918,,22.4672131147541,19.99590163934426,0.1381147540983606,15.217213114754099,14.76639344262295,15.922131147540984,6.385245901639344,9.278688524590164,0.17680347605004415,17.0
2019,10,1.5701754385964912,1.5701754385964912,1.6140350877192982,1.0043859649122806,13.907894736842104,1.4824561403508771,10.346491228070175,1.7543859649122806,1.0,5.100877192982456,0.3157894736842105,0.0,12.31578947368421,3.8728070175438596,0.2850877192982456,,,,1.644736842105263,0.6052631578947368,5.828947368421052,17.885964912280702,0.10526315789473684,0.4824561403508772,0.0,4.969298245614035,,162.16228070175438,17.67982456140351,117.94736842105263,23.07017543859649,89.26315789473684,27.030701754385966,,,,41.14912280701754,64.29824561403508,23.728070175438596,40.58771929824562,,,,,,2.8421052631578947,2.8421052631578947,3.087719298245614,1.1710526315789473,,1.0526315789473684,0.6535087719298246,,14.68859649122807,13.350877192982455,0.11267543859649115,17.346491228070175,17.24122807017544,18.31140350877193,6.201754385964913,8.68421052631579,0.1844871755440057,6.0
2019,11,1.063953488372093,1.063953488372093,1.0813953488372092,1.0,6.561046511627907,0.502906976744186,5.659883720930233,0.25,1.0,4.796511627906977,0.28488372093023256,0.0,11.465116279069768,0.5406976744186046,0.24709302325581395,,,,2.066860465116279,0.7412790697674418,3.011627906976744,15.063953488372093,0.03488372093023256,0.28488372093023256,0.0,2.1511627906976742,,40.28779069767442,7.770348837209302,30.305232558139537,11.151162790697674,15.924418604651162,2.604651162790698,,,,13.584302325581396,20.334302325581394,9.523255813953488,8.694767441860465,,,,,,1.6366279069767442,1.6366279069767442,1.6366279069767442,1.0232558139534884,,1.0116279069767442,0.6540697674418605,,10.674418604651162,9.712209302325581,0.05718023255813958,5.421511627906977,4.886627906976744,5.444767441860465,3.5755813953488373,10.767441860465116,0.18755408118123984,5.0
2019,12,1.161764705882353,1.161764705882353,1.338235294117647,1.0,11.058823529411764,0.8235294117647058,9.058823529411764,0.5882352941176471,1.0,6.132352941176471,0.4411764705882353,0.0,30.205882352941178,0.6470588235294118,1.0588235294117647,,,,1.3676470588235294,0.4117647058823529,2.5441176470588234,14.647058823529411,0.029411764705882353,0.47058823529411764,0.0,1.4705882352941178,,54.0735294117647,8.764705882352942,38.779411764705884,14.426470588235293,23.823529411764707,3.1470588235294117,,,,18.764705882352942,26.941176470588236,12.220588235294118,13.235294117647058,,,,,,2.0588235294117645,2.0588235294117645,2.1470588235294117,1.1176470588235294,,1.0,0.8529411764705882,,7.588235294117647,5.970588235294118,0.06367647058823529,5.0588235294117645,4.823529411764706,5.088235294117647,3.1029411764705883,15.794117647058824,0.17895661942527924,4.0
2020,1,1.2195121951219512,1.2195121951219512,1.2804878048780488,1.0060975609756098,12.975609756097562,1.0914634146341464,9.585365853658537,1.7926829268292683,1.0,4.737804878048781,0.3780487804878049,0.0,17.26829268292683,2.9939024390243905,0.42073170731707316,,,,2.3536585365853657,0.725609756097561,6.0,18.0,0.012195121951219513,1.0548780487804879,0.0,4.158536585365853,,153.83536585365854,18.46951219512195,110.39024390243902,22.426829268292682,82.70121951219512,29.359756097560975,,,,40.47560975609756,62.6280487804878,23.170731707317074,39.52439024390244,,,,,,2.6890243902439024,2.5060975609756095,2.9390243902439024,1.1402439024390243,,1.1951219512195121,0.7560975609756098,,22.097560975609756,18.871951219512194,0.12646341463414634,16.097560975609756,15.658536585365853,16.896341463414632,6.463414634146342,7.560975609756097,0.1752391059456586,2.0
2020,2,1.0232558139534884,1.0232558139534884,1.0232558139534884,1.0,6.9186046511627906,0.5348837209302325,5.476744186046512,0.5348837209302325,1.0,3.104651162790698,0.3953488372093023,0.0,19.976744186046513,0.32558139534883723,0.06976744186046512,,,,1.558139534883721,0.36046511627906974,2.4651162790697674,14.744186046511627,0.20930232558139536,0.27906976744186046,0.0,1.0232558139534884,,34.0,6.395348837209302,24.569767441860463,8.255813953488373,12.581395348837209,4.813953488372093,,,,10.186046511627907,15.674418604651162,7.058139534883721,8.80232558139535,,,,,,1.5348837209302326,1.4651162790697674,1.5348837209302326,1.0465116279069768,,1.069767441860465,0.4186046511627907,,7.209302325581396,6.255813953488372,0.05906976744186043,4.186046511627907,4.046511627906977,4.209302325581396,2.802325581395349,17.25581395348837,0.20333838552558925,5.0
2020,3,1.4594594594594594,1.4594594594594594,1.4594594594594594,1.0,15.135135135135135,1.2972972972972974,10.932432432432432,2.2432432432432434,1.054054054054054,7.608108108108108,0.8513513513513513,0.0,14.135135135135135,4.013513513513513,0.9324324324324325,,,,1.4189189189189189,0.9864864864864865,6.635135135135135,18.635135135135137,0.1891891891891892,0.8513513513513513,0.0,4.608108108108108,,177.7027027027027,20.716216216216218,127.64864864864865,28.56756756756757,96.22972972972973,30.68918918918919,,,,47.82432432432432,71.63513513513513,29.37837837837838,42.986486486486484,,,,,,3.175675675675676,3.1216216216216215,3.175675675675676,1.2432432432432432,,1.054054054054054,1.1081081081081081,,14.905405405405405,13.54054054054054,0.20756756756756756,18.364864864864863,18.256756756756758,18.986486486486488,7.054054054054054,10.81081081081081,0.0774224400687548,5.0
2020,4,1.0,1.0,1.0,1.0,5.2727272727272725,0.30303030303030304,4.636363636363637,0.48484848484848486,1.0,2.9393939393939394,0.42424242424242425,0.0,12.545454545454545,0.21212121212121213,0.18181818181818182,,,,2.1515151515151514,0.8787878787878788,2.484848484848485,14.484848484848484,0.0,0.0,0.0,1.696969696969697,,31.727272727272727,7.121212121212121,24.0,8.818181818181818,12.090909090909092,2.272727272727273,,,,10.969696969696969,15.969696969696969,7.7272727272727275,8.484848484848484,,,,,,1.2727272727272727,1.2727272727272727,1.2727272727272727,1.0,,1.0,0.2727272727272727,,13.121212121212121,8.636363636363637,0.0593939393939394,4.818181818181818,4.818181818181818,4.909090909090909,3.090909090909091,11.121212121212121,0.16663545530969956,10.0
2020,5,1.0606060606060606,1.0606060606060606,1.0606060606060606,1.0,8.484848484848484,0.30303030303030304,6.803030303030303,0.5454545454545454,1.0,5.348484848484849,0.8939393939393939,0.0,37.75757575757576,0.21212121212121213,0.7272727272727273,,,,1.196969696969697,0.3181818181818182,1.8333333333333333,14.045454545454545,0.42424242424242425,0.30303030303030304,0.0,0.8333333333333334,,41.45454545454545,6.0,31.196969696969695,11.969696969696969,17.803030303030305,2.484848484848485,,,,14.651515151515152,20.833333333333332,9.257575757575758,10.696969696969697,,,,,,1.4848484848484849,1.4848484848484849,1.606060606060606,1.121212121212121,,1.0,0.36363636363636365,,4.893939393939394,4.590909090909091,0.048787878787878755,3.6666666666666665,3.6666666666666665,3.757575757575758,2.5303030303030303,25.12121212121212,0.2085176797062187,8.0
2020,6,1.2,1.2,1.2,1.0,13.633333333333333,0.9,9.3,2.7333333333333334,1.0,6.533333333333333,0.6666666666666666,0.0,22.266666666666666,0.7,0.7,,,,1.9666666666666666,1.1,3.8666666666666667,15.866666666666667,0.0,1.4,0.0,1.3666666666666667,,76.26666666666667,11.766666666666667,48.96666666666667,16.0,30.333333333333332,18.733333333333334,,,,22.5,31.433333333333334,13.6,19.0,,,,,,2.3333333333333335,2.1333333333333333,2.3333333333333335,1.4666666666666666,,1.2,0.7333333333333333,,21.166666666666668,18.5,0.2616666666666667,6.966666666666667,6.566666666666666,7.2,4.733333333333333,13.866666666666667,0.0708260393011833,4.0
2020,7,1.0476190476190477,1.0476190476190477,1.0476190476190477,1.0,7.5,0.5714285714285714,5.619047619047619,0.9523809523809523,1.0,3.2142857142857144,0.6428571428571429,0.0,14.571428571428571,0.14285714285714285,0.09523809523809523,,,,2.0714285714285716,1.0952380952380953,2.5476190476190474,14.547619047619047,0.0,0.38095238095238093,0.0,1.4523809523809523,,39.333333333333336,7.619047619047619,26.714285714285715,9.238095238095237,15.333333333333334,6.9523809523809526,,,,12.238095238095237,17.595238095238095,7.857142857142857,10.261904761904763,,,,,,1.3095238095238095,1.2142857142857142,1.3095238095238095,1.0952380952380953,,1.0952380952380953,0.14285714285714285,,17.261904761904763,15.785714285714286,0.15357142857142855,4.333333333333333,4.142857142857143,4.4523809523809526,3.4761904761904763,10.095238095238095,0.20429885919348345,8.0
2020,8,1.088235294117647,1.088235294117647,1.088235294117647,1.0,6.362745098039215,0.29411764705882354,5.549019607843137,0.4215686274509804,1.0,3.107843137254902,0.4411764705882353,0.0,14.647058823529411,0.06862745098039216,0.23529411764705882,,,,2.2254901960784315,0.8823529411764706,2.4607843137254903,14.519607843137255,0.029411764705882353,0.17647058823529413,0.0,1.7058823529411764,,33.8235294117647,6.401960784313726,24.470588235294116,9.568627450980392,13.166666666666666,3.8627450980392157,,,,11.549019607843137,16.431372549019606,7.588235294117647,8.950980392156863,,,,,,1.4411764705882353,1.4019607843137254,1.4411764705882353,1.0,,1.0392156862745099,0.3235294117647059,,13.882352941176471,11.607843137254902,0.0573529411764706,3.696078431372549,3.6176470588235294,3.764705882352941,2.843137254901961,9.647058823529411,0.2634423087782395,8.0
2020,9,1.9428571428571428,1.9428571428571428,2.142857142857143,1.0285714285714285,22.7,2.3285714285714287,16.542857142857144,3.742857142857143,1.0,8.728571428571428,0.5571428571428572,0.0,11.742857142857142,13.185714285714285,0.4142857142857143,,,,1.6857142857142857,0.6857142857142857,15.9,27.9,0.08571428571428572,1.0142857142857142,0.0,14.442857142857143,,517.7,50.67142857142857,377.6857142857143,63.15714285714286,302.7857142857143,92.05714285714286,,,,130.64285714285714,206.0,71.78571428571429,134.0857142857143,,,,,,6.414285714285715,6.385714285714286,7.5,1.6857142857142857,,1.0285714285714285,1.7428571428571429,,31.02857142857143,27.914285714285715,0.17314285714285713,56.642857142857146,56.58571428571429,60.4,17.414285714285715,8.771428571428572,0.125755632771698,0.0
